Years, Rice Kharif Area  (000Ha), Rice Kharif Production  (000t), Rice Rabi Area  (000Ha), Rice Rabi Production  (000t), Rice Summer Area  (000Ha), Rice Summer Production  (000t), Rice Total Area  (000Ha), Rice Total Production  (000t), Rice Total Yield  (kg/Ha), Wheat Rabi Area  (000Ha), Wheat Rabi Production  (000t), Wheat Total Area  (000Ha), Wheat Total Production  (000t), Wheat Total Yield  (kg/Ha), Jowar Kharif Area  (000Ha), Jowar Kharif Production  (000t), Jowar Rabi Area  (000Ha), Jowar Rabi Production  (000t), Jowar Summer Area  (000Ha), Jowar Summer Production  (000t), Jowar Total Area  (000Ha), Jowar Total Production  (000t), Jowar Total Yield  (kg/Ha), Bajra Kharif Area  (000Ha), Bajra Kharif Production  (000t), Bajra Rabi Area  (000Ha), Bajra Rabi Production  (000t), Bajra Summer Area  (000Ha), Bajra Summer Production  (000t), Bajra Total Area  (000Ha), Bajra Total Production  (000t), Bajra Total Yield  (kg/Ha), Maize Kharif Area  (000Ha), Maize Kharif Production  (000t), Maize Rabi Area  (000Ha), Maize Rabi Production  (000t), Maize Summer Area  (000Ha), Maize Summer Production  (000t), Maize Total Area  (000Ha), Maize Total Production  (000t), Maize Total Yield  (kg/Ha), Ragi Kharif Area  (000Ha), Ragi Kharif Production  (000t), Ragi Rabi Area  (000Ha), Ragi Rabi Production  (000t), Ragi Summer Area  (000Ha), Ragi Summer Production  (000t), Ragi Total Area  (000Ha), Ragi Total Production  (000t), Ragi Total Yield  (kg/Ha), Barley Kharif Area  (000Ha), Barley Kharif Production  (000t), Barley Rabi Area  (000Ha), Barley Rabi Production  (000t), Barley Total Area  (000Ha), Barley Total Production  (000t), Barley Total Yield  (kg/Ha), Small millets Kharif Area  (000Ha), Small millets Kharif Production  (000t), Small millets Rabi Area  (000Ha), Small millets Rabi Production  (000t), Small millets Summer Area  (000Ha), Small millets Summer Production  (000t), Small millets Total Area  (000Ha), Small millets Total Production  (000t), Small millets Total Yield  (kg/Ha), Gram Rabi Area  (000Ha), Gram Rabi Production  (000t), Gram Total Area  (000Ha), Gram Total Production  (000t), Gram Total Yield  (kg/Ha), Arhar/Tur Kharif Area  (000Ha), Arhar/Tur Kharif Production  (000t), Arhar/Tur Rabi Area  (000Ha), Arhar/Tur Rabi Production  (000t), Arhar/Tur Total Area  (000Ha), Arhar/Tur Total Production  (000t), Arhar Total Yield  (kg/Ha), Urad Kharif Area  (000Ha), Urad Kharif Production  (000t), Urad Rabi Area  (000Ha), Urad Rabi Production  (000t), Urad Summer Area  (000Ha), Urad Summer Production  (000t), Urad Total Area  (000Ha), Urad Total Production  (000t), Urad Total Yield  (kg/Ha), Horse-gram Kharif Area  (000Ha), Horse-gram Kharif Production  (000t), Horse-gram Rabi Area  (000Ha), Horse-gram Rabi Production  (000t), Horse-gram Total Area  (000Ha), Horse-gram Total Production  (000t), Horse-gram Total Yield  (kg/Ha), Masoor Kharif Area  (000Ha), Masoor Kharif Production  (000t), Masoor Rabi Area  (000Ha), Masoor Rabi Production  (000t), Masoor Total Area  (000Ha), Masoor Total Production  (000t), Masoor Total Yield  (kg/Ha), Moong(Green Gram) Kharif Area  (000Ha), Moong(Green Gram) Kharif Production  (000t), Moong(Green Gram) Rabi Area  (000Ha), Moong(Green Gram) Rabi Production  (000t), Moong(Green Gram) Summer Area  (000Ha), Moong(Green Gram) Summer Production  (000t), Moong(Green Gram) Total Area  (000Ha), Moong(Green Gram) Total Production  (000t), Moong Total Yield  (kg/Ha), Moth Kharif Area  (000Ha), Moth Kharif Production  (000t), Moth Total Area  (000Ha), Moth Total Production  (000t), Moth Total Yield  (kg/Ha), Cowpea(Lobia) Kharif Area  (000Ha), Cowpea(Lobia) Kharif Production  (000t), Cowpea(Lobia) Rabi Area  (000Ha), Cowpea(Lobia) Rabi Production  (000t), Cowpea(Lobia) Summer Area  (000Ha), Cowpea(Lobia) Summer Production  (000t), Cowpea(Lobia) Total Area  (000Ha), Cowpea(Lobia) Total Production  (000t), Cowpea Total Yield  (kg/Ha), Peas & beans (Pulses) Rabi Area  (000Ha), Peas & beans (Pulses) Rabi Production  (000t), Peas & beans (Pulses) Total Area  (000Ha), Peas & beans (Pulses) Total Production  (000t), Peas & beans Total Yield  (kg/Ha), Khesari Rabi Area  (000Ha), Khesari Rabi Production  (000t), Khesari Total Area  (000Ha), Khesari Total Production  (000t), Khesari Total Yield  (kg/Ha), Other Kharif pulses Kharif Area  (000Ha), Other Kharif pulses Kharif Production  (000t), Other Kharif pulses Total Area  (000Ha), Other Kharif pulses Total Production  (000t), Other Kharif Pulses Total Yield  (kg/Ha), Other Rabi pulses Rabi Area  (000Ha), Other Rabi pulses Rabi Production  (000t), Other Rabi pulses Total Area  (000Ha), Other Rabi pulses Total Production  (000t), Other Rabi Pulses Total Yield  (kg/Ha), Groundnut Kharif Area  (000Ha), Groundnut Kharif Production  (000t), Groundnut Rabi Area  (000Ha), Groundnut Rabi Production  (000t), Groundnut Summer Area  (000Ha), Groundnut Summer Production  (000t), Groundnut Total Area  (000Ha), Groundnut Total Production  (000t), Groundnut Total Yield  (kg/Ha), Sesamum Kharif Area  (000Ha), Sesamum Kharif Production  (000t), Sesamum Rabi Area  (000Ha), Sesamum Rabi Production  (000t), Sesamum Summer Area  (000Ha), Sesamum Summer Production  (000t), Sesamum Total Area  (000Ha), Sesamum Total Production  (000t), Sesamum Total Yield  (kg/Ha), Rapeseed & Mustard Rabi Area  (000Ha), Rapeseed & Mustard Rabi Production  (000t), Rapeseed & Mustard Total Area  (000Ha), Rapeseed & Mustard Total Production  (000t), Rapeseed & Mustard Total Yield  (kg/Ha), Safflower Rabi Area  (000Ha), Safflower Rabi Production  (000t), Safflower Total Area  (000Ha), Safflower Total Production  (000t), Safflower Total Yield  (kg/Ha), Castor seed Kharif Area  (000Ha), Castor seed Kharif Production  (000t), Castor seed Rabi Area  (000Ha), Castor seed Rabi Production  (000t), Castor seed Total Area  (000Ha), Castor seed Total Production  (000t), Castor Total Yield  (kg/Ha), Linseed Rabi Area  (000Ha), Linseed Rabi Production  (000t), Linseed Total Area  (000Ha), Linseed Total Production  (000t), Linseed Total Yield  (kg/Ha), Sunflower Kharif Area  (000Ha), Sunflower Kharif Production  (000t), Sunflower Rabi Area  (000Ha), Sunflower Rabi Production  (000t), Sunflower Summer Area  (000Ha), Sunflower Summer Production  (000t), Sunflower Total Area  (000Ha), Sunflower Total Production  (000t), Sunflower Total Yield  (kg/Ha), Soyabean Kharif Area  (000Ha), Soyabean Kharif Production  (000t), Soyabean Total Area  (000Ha), Soyabean Total Production  (000t), Soyabean Total Yield  (kg/Ha), Niger seed Kharif Area  (000Ha), Niger seed Kharif Production  (000t), Niger seed Rabi Area  (000Ha), Niger seed Rabi Production  (000t), Niger seed Total Area  (000Ha), Niger seed Total Production  (000t), Nigerseed Total Yield  (kg/Ha), Other oilseeds Kharif Area  (000Ha), Other oilseeds Kharif Production  (000t), Other oilseeds Rabi Area  (000Ha), Other oilseeds Rabi Production  (000t), Other oilseeds Summer Area  (000Ha), Other oilseeds Total Production  (000t), Other oilseeds Total Yield  (kg/Ha), Sugarcane Kharif Area  (000Ha), Sugarcane Rabi Area  (000Ha), Sugarcane Total Area  (000Ha), Sugarcane Total Yield  (kg/Ha), Cotton(lint) Kharif Area  (000Ha), Cotton(lint) Kharif Production  (000t), Cotton(lint) Rabi Area  (000Ha), Cotton(lint) Rabi Production  (000t), Cotton(lint) Total Area  (000Ha), Cotton(lint) Total Production  (000t), Cotton(lint) Total Yield  (kg/Ha), Jute Kharif Area  (000Ha), Jute Kharif Production  (000t), Jute Total Area  (000Ha), Jute Total Production  (000t), Jute Total Yield  (kg/Ha), Mesta Kharif Area  (000Ha), Mesta Kharif Production  (000t), Mesta Total Area  (000Ha), Mesta Total Production  (000t), Mesta Total Yield  (kg/Ha), Sannhamp Kharif Area  (000Ha), Sannhamp Kharif Production  (000t), Sannhamp Total Area  (000Ha), Sannhamp Total Production  (000t), Sannhamp Total Yield  (kg/Ha), Tobacco Kharif Area  (000Ha), Tobacco Kharif Production  (000t), Tobacco Rabi Area  (000Ha), Tobacco Rabi Production  (000t), Tobacco Total Area  (000Ha), Tobacco Total Production  (000t), Tobacco Total Yield  (kg/Ha), Onion Kharif Area  (000Ha), Onion Kharif Production  (000t), Onion Rabi Area  (000Ha), Onion Rabi Production  (000t), Onion Summer Area  (000Ha), Onion Summer Production  (000t), Onion Total Area  (000Ha), Onion Total Production  (000t), Onion Total Yield  (kg/Ha), Potato Kharif Area  (000Ha), Potato Kharif Production  (000t), Potato Rabi Area  (000Ha), Potato Rabi Production  (000t), Potato Summer Area  (000Ha), Potato Summer Production  (000t), Potato Total Area  (000Ha), Potato Total Production  (000t), Potato Total Yield  (kg/Ha), Sweet Potato Kharif Area  (000Ha), Sweet Potato Kharif Production  (000t), Sweet Potato Rabi Area  (000Ha), Sweet Potato Rabi Production  (000t), Sweet Potato Total Area  (000Ha), Sweet Potato Total Production  (000t), Sweet Potato Total Yield  (kg/Ha), Turmeric Kharif Area  (000Ha), Turmeric Kharif Production  (000t), Turmeric Total Area  (000Ha), Turmeric Total Production  (000t), Turmeric Total Yield  (kg/Ha), Coriander Rabi Area  (000Ha), Coriander Rabi Production  (000t), Coriander Total Area  (000Ha), Coriander Total Production  (000t), Coriander Total Yield  (kg/Ha), Tapioca Kharif Area  (000Ha), Tapioca Kharif Production  (000t), Tapioca Total Area  (000Ha), Tapioca Total Production  (000t), Tapioca Total Yield  (kg/Ha), Arecanut Kharif Area  (000Ha), Arecanut Kharif Production  (000t), Arecanut Rabi Area  (000Ha), Arecanut Rabi Production  (000t), Arecanut Total Area  (000Ha), Arecanut Total Production  (000t), Arecanut Total Yield  (kg/Ha), Coconut  Total Area  (000Ha), Coconut Total Production  (000t), Coconut Total Yield  (kg/Ha), Cashewnut Kharif Area  (000Ha), Cashewnut Kharif Production  (000t), Cashewnut Total Area  (000Ha), Cashewnut Total Production  (000t), Cashewnut Total Yield  (kg/Ha), Banana Kharif Area  (000Ha), Banana Kharif Production  (000t), Banana Summer Area  (000Ha), Banana Summer Production  (000t), Banana Total Area  (000Ha), Banana Total Production  (000t), Banana Total Yield  (kg/Ha), Dry chillies Kharif Area  (000Ha), Dry chillies Kharif Production  (000t), Dry chillies Rabi Area  (000Ha), Dry chillies Rabi Production  (000t), Dry chillies Summer Area  (000Ha), Dry chillies Summer Production  (000t), Dry chillies Total Area  (000Ha), Dry chillies Total Production  (000t), Dry chillies Total Yield  (kg/Ha), Garlic Rabi Area  (000Ha), Garlic Rabi Production  (000t), Garlic Total Area  (000Ha), Garlic Total Production  (000t), Garlic Total Yield  (kg/Ha), Ginger Kharif Area  (000Ha), Ginger Kharif Production  (000t), Ginger Total Area  (000Ha), Ginger Total Production  (000t), Ginger Total Yield  (kg/Ha), Black pepper Total Area  (000Ha), Black pepper Total Production  (000t), Black pepper Total Yield  (kg/Ha), Cardamom Total Area  (000Ha), Cardamom Total Production  (000t), Cardamom Total Yield  (kg/Ha), Guar seed Kharif Area  (000Ha), Guar seed Kharif Production  (000t), Guar seed Total Area  (000Ha), Guar seed Total Production  (000t), Guar seed Total Yield  (kg/Ha), Total  agricultural credit (in 000Rs), Agricultural credit direct (in 000Rs),Count of Agricultural credit indirect (in 000Rs),  Total  credit (in 000Rs), Mango Area (000Ha), Mango Production (000t), Orange  Area (000Ha), Orange Production (000t), Sweet Orange Area (000Ha), Sweet Orange Production (000t),  Mandarin Orange Area (000Ha),  Mandarin Orange Production (000t), Orange(Santra) Area (000Ha), Orange(Santra) Production (000t), Malta Area (000Ha), Malta Production (000t), Mausmi Area (000Ha), Banana Area (000Ha), Banana Production (000t), Grapes Area (000Ha), Grapes Production (000t), Guava Area (000Ha), Guava Production (000t), Papaya Area (000Ha), Papaya Production (000t), Water Melon Area (000Ha), Water Melon Production (000t), Litchi Area (000Ha), Litchi Production (000t), Custard Apple Area (000Ha), Custard Apple Production (000t), Aonla Area (000Ha), Aonla Production (000t),  Amla Area (000Ha),  Amla Production (000t), Ber Area (000Ha), Ber Production (000t), Jack fruit Area (000Ha), Jack fruit Production (000t), Sapota  Area (000Ha), Sapota Production (000t), Pomegranate Area (000Ha), Pomegranate Production (000t), Pine Apple Area (000Ha), Pine Apple Production (000t), Lemon Area (000Ha), Lemon Production (000t), K.Lime Area (000Ha), K.Lime Production (000t), Galgal Area (000Ha), Galgal Production (000t), Musk Melon Area (000Ha), Musk Melon Production (000t), Pear Area (000Ha), Pear Production (000t), Date palm Area (000Ha), Date palm Production (000t), Peach Area (000Ha), Peach Production (000t), Plum Area (000Ha), Plum Production (000t), Jamun Area (000Ha), Jamun Production (000t), Bael Area (000Ha), Bael Production (000t), Strawberry Area (000Ha), Strawberry Production (000t),  Apple Area (000Ha),  Apple Production (000t),  Apricot Area (000Ha),  Apricot Production (000t),  Cherry Area (000Ha),  Cherry Production (000t), Almond Area (000Ha), Almond Production (000t), Persimon Area (000Ha), Persimon Production (000t), Olive Area (000Ha), Olive Production (000t), Kiwi Area (000Ha), Kiwi Production (000t), Walnut Area (000Ha), Walnut Production (000t), Picanut Area (000Ha), Picanut Production (000t), Loquat Area (000Ha), Loquat Production (000t), Fig Area (000Ha), Fig Production (000t), Phalsa Area (000Ha), Mulberry Area (000Ha),Count of Dragon Fruit Area (000Ha),Count of Dragon Fruit Production (000t), Citrus Area (000Ha), Citrus Production (000t), Other citrus Area (000Ha), Other citrus Production (000t), Arecanut Area (000Ha), Arecanut Production (000t), Cashew Nut Area (000Ha), Cashew Nut Production (000t), Coconut Area (000Ha), Coconut Production (000t), Other Fruits Area (000Ha), Other Fruits Production (000t), Total Fruits  Area (000Ha), Total Fruits  Production (000t), Chilli Area (000Ha), Chilli Production (000t), Dry Chillies Area (000Ha), Dry Chillies Production (000t), Paprika Area (000Ha), Paprika Production (000t), Methi Area (000Ha), Methi Production (000t), Ajwain Area (000Ha), Ajwain Production (000t), Karayat Area (000Ha), Karayat Production (000t), Cumin Area (000Ha), Cumin Production (000t), Black Cumin Area (000Ha), Black Cumin Production (000t), Fennel Area (000Ha), Fennel Production (000t), Fenugreek Area (000Ha), Fenugreek Production (000t), Isabgul Area (000Ha), Isabgul Production (000t), Suva Area (000Ha), Suva Production (000t), Dill Area (000Ha), Dill Production (000t), Tamarind Area (000Ha), Tamarind Production (000t), Clove Area (000Ha), Clove Production (000t), Cinnamom Area (000Ha), Cinnamom Production (000t), Cloves & Cinnamon Area (000Ha), Cloves & Cinnamon Production (000t), Vanilla Area (000Ha), Vanilla Production (000t), Mint Area (000Ha), Mint Production (000t), Betelvine Area (000Ha), Betelvine Production (000t), Pepper Area (000Ha), Pepper Production (000t), Red Pepper  Area (000Ha), Red Pepper  Production (000t), Black Pepper Area (000Ha), Black Pepper Production (000t), Radhuni Area (000Ha), Radhuni Production (000t), Cocoa Area (000Ha), Cocoa Production (000t), Ginger Area (000Ha), Ginger Production (000t), Ginger (Dry) Area (000Ha), Ginger (Dry) Production (000t), Garlic Area (000Ha), Garlic Production (000t), Turmeric Area (000Ha), Turmeric Production (000t), Cardamom Area (000Ha), Cardamom Production (000t), Coriander Area (000Ha), Coriander Production (000t), Other Spices Area (000Ha), Other Spices Production (000t), Total Spices Area (000Ha), Total Spices Production (000t),  Potato Area (000Ha),  Potato Production (000t),  Sweet Potato Area (000Ha),  Sweet Potato Production (000t),  Onion Area (000Ha),  Onion Production (000t),Count of  Green onion Area (000Ha),Count of  Green onion Production (000t),  Tomato Area (000Ha),  Tomato Production (000t),  Ladys finger Area (000Ha),  Ladys finger Production (000t),  Brinjal Area (000Ha),  Brinjal Production (000t),  Cauliflower Area (000Ha),  Cauliflower Production (000t),  Cabbage Area (000Ha),  Cabbage Production (000t),  Knol Khol Area (000Ha),  Knol Khol Production (000t),  Pumpkin Area (000Ha),  Pumpkin Production (000t),  Mushroom Area (000Ha),  Mushroom Production (000t),  Drum Stick Area (000Ha),  Drum Stick Production (000t),  Ridge Gourd Area (000Ha),  Ridge Gourd Production (000t),  Ghosali Area (000Ha),  Ghosali Production (000t),  Sponge Gourd Area (000Ha),  Sponge Gourd Production (000t),  Bottle Gourd Area (000Ha),  Bottle Gourd Production (000t),  Bitter Gourd Area (000Ha),  Bitter Gourd Production (000t),  Snake gourd Area (000Ha),  Snake gourd Production (000t),  Tinda Area (000Ha),  Tinda Production (000t),  Kundru/Perwal Area (000Ha),  Kundru/Perwal Production (000t),  Cucurbits Area (000Ha),  Cucurbits Production (000t),  Pointed gourd Area (000Ha),  Pointed gourd Production (000t),  Ashgourd Area (000Ha),  Ashgourd Production (000t),  Little Gourd Area (000Ha),  Little Gourd Production (000t), Gourds &  Coccinia Area (000Ha), Gourds &  Coccinia Production (000t), Other Gourd Varieties Area (000Ha), Other Gourd Varieties Production (000t),  Gourds Area (000Ha),  Gourds Production (000t),  Cowpea Area (000Ha),  Cowpea Production (000t),  Green Peas Area (000Ha),  Green Peas Production (000t),  Peas Area (000Ha),  Peas Production (000t),  Cluster beans Area (000Ha),  Cluster beans Production (000t),  Beans Area (000Ha),  Beans Production (000t),  French Bean Area (000Ha),  French Bean Production (000t), Beans (All Inc Lab-lab(Sem) Area (000Ha), Beans (All Inc Lab-lab(Sem) Production (000t),  Lab Lab Area (000Ha),  Lab Lab Production (000t),  Avarai Area (000Ha),  Avarai Production (000t),  Karamani Area (000Ha),  Karamani Production (000t),  Mogri Area (000Ha),  Mogri Production (000t),  Kakri Area (000Ha),  Kakri Production (000t),  Kheera Area (000Ha),  Kheera Production (000t),  Gherkins Area (000Ha),  Gherkins Production (000t), Long melon (Kakri) Area (000Ha), Long melon (Kakri) Production (000t),  Kachari Area (000Ha),  Kachari Production (000t),  Cucumber Area (000Ha),  Cucumber Production (000t),  Leafy Veg. Area (000Ha),  Leafy Veg. Production (000t),  Spinach (Palak) Area (000Ha),  Spinach (Palak) Production (000t),  Math/Rajgira Area (000Ha),  Math/Rajgira Production (000t),  Methi Area (000Ha),  Methi Production (000t),  Amaranthus Area (000Ha),  Amaranthus Production (000t),  Jimikand Area (000Ha),  Jimikand Production (000t),  Yam Area (000Ha),  Elephant Yam Area (000Ha),  Yam Production (000t),  Elephant Yam Production (000t),  Ratalu Area (000Ha),  Ratalu Production (000t),  Tapioca Area (000Ha),  Tapioca Production (000t),  Amorphospholus Area (000Ha),  Amorphospholus Production (000t),  Mooli Area (000Ha),  Mooli Production (000t),  Colocasia Area (000Ha),  Colocasia Production (000t),  Arbi Area (000Ha),  Arbi Production (000t),  Turnip Area (000Ha),  Turnip Production (000t),  Radish Area (000Ha),  Radish Production (000t),  Carrot Area (000Ha),  Carrot Production (000t)," Radish, Turnip & Carrot Area (000Ha)"," Radish, Turnip & Carrot Production (000t)","   Root 
crops Area (000Ha)","   Root 
crops Production (000t)", Other Root crops Area (000Ha), Other Root crops Production (000t),  Beetroot Area (000Ha),  Beetroot Production (000t),  Wall (pawata) Area (000Ha),  Wall (pawata) Production (000t),  Wal Area (000Ha),  Wal Production (000t),  Vine Crops Area (000Ha),  Vine Crops Production (000t),  Oal Area (000Ha),  Oal Production (000t),  Green Chillies Area (000Ha),  Green Chillies Production (000t), Capsicum &  Chillies Area (000Ha), Capsicum &  Chillies Production (000t),  Capsicum Area (000Ha),  Capsicum Production (000t),Count of  Shimla Mirchi Area (000Ha),  Water Melon Area (000Ha),Count of  Shimla Mirchi Production (000t),  Water Melon Production (000t),  Musk Melon Area (000Ha),  Musk Melon Production (000t),  Turmeric Area (000Ha),  Turmeric Production (000t),  Garlic Area (000Ha),  Garlic Production (000t),  Curry leaves Area (000Ha),  Curry leaves Production (000t),  Mint Area (000Ha),  Mint Production (000t), Green Coriander Area (000Ha), Green Coriander Production (000t), Other Vegetables Area (000Ha), Other Vegetables Production (000t), Total  Vegetables Area (000Ha), Total  Vegetables Production (000t)
1997,15614.93,34844.91,11423.5,19967.59,1781.23,4797.31,31752.72,67545.76,896122,25925.24,64281.71,25925.24,64281.71,720584,4772,4853.67,5551.77,2439.48,6.15,15.14,10711.33,7686.46,227125,9181.32,7031.57,,,180.62,381.06,9530.54,7624.6,262932,4426.72,7257.68,367.52,1002.3,172.37,357.93,5459.83,9502.13,571558,1192.34,1470.92,78.91,75.3,14.15,25.46,1485.67,1872.52,160702,,,812.74,1631.04,818.86,1636.07,384891,1107.09,539.05,3,0.2,,,1114.34,518.85,110438,3824.27,3213.05,4606.61,3558.04,210872,3103.23,1669.97,120.06,24.7,3383.82,1748.77,267926,1175.87,508.26,548.32,239.87,74.12,34.26,2016.55,884.23,111621,288.5,132.48,368.49,152.62,657.96,285.36,39467,,,562.16,403.84,562.16,403.84,77952,1138.55,412.38,140.29,54.92,96.53,37.05,1531.97,574.52,81798,48.72,24.21,48.72,24.21,14016,,,,,,,,,,427.44,497.37,427.44,497.37,101405,25.27,28.46,25.27,28.46,18251,103.32,78.25,103.32,78.25,54417,237.1,143.06,237.1,143.06,62538,4951.17,4507.46,520.54,611.11,139.66,211.04,6508.52,6776.26,299592,721.82,182.02,131.78,17.14,16.12,4.08,1308.98,477.4,115879,5070.45,3552.28,5398.43,3803.44,193281,0.5,0.31,11.3,3.31,14256,219.2,116.1,,,582.67,784.58,66664,550.2,177.13,566.68,181.34,83823,277.4,132.7,157.16,100.88,,,452.77,249.59,147204,5022.51,5528.89,5022.51,5528.89,85772,24.75,15.65,,,41.18,24.26,21896,,,,,,,,436.45,18.72,3590.68,4764617,2089.75,558.42,,,5222.75,1878.76,360488,975.68,1683.8,975.68,1683.8,105649,121.29,138.54,121.29,138.54,77795,,,5.88,11.37,53852,207.91,210.98,20.54,14.77,341.77,412.19,67191,77.94,636.24,,,,,115.45,1386.77,1981509,,,,,,,972.81,14416.69,2732071,,,,,24.8,237.26,802283,,,48.07,168.52,233506,,,58.1,13.22,24564,,,239.09,6742.91,1404511,,,,,251.18,296.51,80017,928.35,5643107.3,426005,101.68,39.26,197.9,85.18,15983,,,1.07,48.5,204.88,5996.51,3266240,174.58,469.27,34.25,72.04,2.07,6.93,413.24,750.93,268650,12.96,49.31,126.16,608.28,537286,11.1,58.88,32.25,190.96,498358,125.61,154.89,39480,55.98,10.49,982,14.55,11.79,3351.58,830.39,48728,,,,,,,,,,,,,,,,,,,,,,,,,,,,,,,,,,,,,,,,,,,,,,,,,,,,,,,,,,,,,,,,,,,,,,,,,,,,,,,,,,,,,,,,,,,,,,,,,,,,,,,,,,,,,,,,,,,,,,,,,,,,,,,,,,,,,,,,,,,,,,,,,,,,,,,,,,,,,,,,,,,,,,,,,,,,,,,,,,,,,,,,,,,,,,,,,,,,,,,,,,,,,,,,,,,,,,,,,,,,,,,,,,,,,,,,,,,,,,,,,,,,,,,,,,,,,,,,,,,,,,,,,,,,,,,,,,,,,,,,,,,,,,,,,,,,,,,,,,,,,,,,,,,,,,,,,,,,,,,,,,,,,,,,,,,,,,,,,,,
1998,25475.71,48644.75,14987.91,25372.2,2471.95,7327.21,42935.48,81344.11,807968,27146.11,70538.25,27150,70542.68,814726,5177.31,5546.7,4707.17,3038.96,8.9,23.17,9893.4,8608.79,246524,9143.21,6629.59,7.75,5.14,182.85,429.1,9333.81,7063.83,263883,5137.28,8628.12,382.97,1095.14,185.22,420.05,5705.44,10143.19,657742,1673.5,2557.84,88.37,100.77,11.54,24.62,1773.34,2683.2,200640,,,780.04,1515.85,780.04,1515.85,425639,1247.99,647.55,3.54,2.39,,,1251.52,649.94,109645,8429.09,6852,8429.19,6852.1,314498,3250.98,2627.8,3.1,1.6,3254.08,2629.4,365079,1778.9,855.54,470.5,268.92,72.29,32.74,2321.53,1157.27,140318,334.7,161.74,328.16,115.81,663.37,277.6,45937,,,664.23,495,664.23,495,105490,2327.58,862.14,262.13,80.07,183.7,66.89,2773.37,1009.13,115063,921.74,118.03,921.74,118.03,10551,,,,,,,,,,527.68,565.55,530.99,595.13,326685,23.3,20.85,23.3,20.85,11624,565.53,245.38,565.53,245.38,57892,839.48,609.76,839.48,609.76,88647,6717.56,8060.31,580.75,852.85,308.07,442.31,7636.5,9390.44,348822,1319.51,412.4,160.52,37.18,7.88,1.69,1588.29,536.74,143978,5326.4,5001.34,5333.64,5003.26,276889,419.57,235.47,419.57,235.47,29207,631.85,822.79,0.07,0.05,674.55,837.48,117220,648.92,226.53,648.92,226.53,112153,860.98,382.37,794.33,357.35,58.38,36.2,1713.63,775.91,183055,6443.54,7099.44,6443.54,7099.44,151155,152.79,51.29,,,152.79,51.29,33522,,,,,,,,529.8,22.34,3781.59,2220691,9322.24,2008.76,,,9322.3,2008.76,38969,842.51,1495.68,842.51,1495.68,97160,104.65,131.04,104.65,131.04,66944,3.31,0.82,22.13,17.96,82274,,,1,1.71,341.41,579.55,326616,79.92,362.06,8.88,91.05,4.8,55.36,261.4,2955.18,2834210,39.33,441.59,15.65,207.41,1.16,19.39,1110.56,20503.36,4047457,,,,,31.23,258.54,1003869,,,58.17,194.18,325948,0.39,0.12,282.56,199.31,54576,,,193.94,5553.38,1308602,,,,,254.42,785.92,169815,1237.51,7211570.4,558970,76.26,28.17,150.06,76.18,10993,,,1.28,56.3,187.98,6020.78,3306582,176.65,468.33,43.81,107.99,1.82,4.74,432.65,847.69,321972,6.05,23.06,154.34,645.37,547114,14.13,90,36.26,213.4,541467,112.79,69.04,39602,57.94,9.41,762,14.74,13.76,2675.26,1188.11,66966,,,,,,,,,,,,,,,,,,,,,,,,,,,,,,,,,,,,,,,,,,,,,,,,,,,,,,,,,,,,,,,,,,,,,,,,,,,,,,,,,,,,,,,,,,,,,,,,,,,,,,,,,,,,,,,,,,,,,,,,,,,,,,,,,,,,,,,,,,,,,,,,,,,,,,,,,,,,,,,,,,,,,,,,,,,,,,,,,,,,,,,,,,,,,,,,,,,,,,,,,,,,,,,,,,,,,,,,,,,,,,,,,,,,,,,,,,,,,,,,,,,,,,,,,,,,,,,,,,,,,,,,,,,,,,,,,,,,,,,,,,,,,,,,,,,,,,,,,,,,,,,,,,,,,,,,,,,,,,,,,,,,,,,,,,,,,,,,,,,
1999,26479.15,55158.6,10854.46,18750.35,2682.08,7455.2,40015.57,81363.93,844288,27107.44,75840.69,27107.44,75840.69,830548,4999.07,5080.26,5324.29,3692.44,8.52,19.16,10331.85,8791.88,280861,8686.53,5398.4,10.04,6.89,181.1,373.3,8877.67,5778.57,263851,5409.81,9244,438.17,1261.78,177.05,407.77,6025.01,10913.45,704483,1564.36,2107.21,208.32,273.93,15.79,31.55,1788.48,2412.65,212403,,,673.71,1408.72,673.71,1408.72,373060,495.15,434.01,15.91,6.15,,,511.06,440.16,98571,6147.75,5061.91,6147.75,5061.91,303661,2998.22,2543.85,,,2998.22,2543.85,336177,2420.15,1030.18,697.7,368.48,67.98,32.96,3185.67,1431.58,173863,309.73,139.9,589.69,219.46,899.44,359.3,60514,428.32,153.4,303.67,272.94,731.97,426.33,84733,2248.55,843.1,769.52,312.26,78.93,42.36,3096.89,1197.73,144712,797.6,31.46,797.79,31.54,8047,,,,,,,,,,49.4,53.51,462.55,630.01,220249,184.05,181.98,184.05,181.98,45479,1305.55,387.03,1305.55,387.03,51544,1597.14,870.39,1597.14,870.39,92957,6228.87,4484.78,613.96,877.91,224.35,319.23,7067.11,5681.88,346432,1439.27,430.48,137.64,41.02,102.07,72.23,1678.91,543.67,120154,5599.39,5310.59,5599.39,5310.59,280954,439.77,259.74,439.77,259.74,43850,778.59,762.89,9.72,4.8,788.31,767.69,103964,623.62,234.19,623.62,234.19,111666,500.78,256.48,505.58,252.06,44.77,27.74,1051.08,536.24,195110,5959.64,6814.08,5959.64,6814.08,154913,458.95,122.5,19.01,7.02,477.96,129.52,36983,,,,,,,,,30.97,4236.6,2501688,8708.23,1913.65,,,8708.23,1913.65,45902,850.53,1605.11,850.53,1605.11,104522,73.88,71.26,73.88,71.26,82106,1.45,7.8,29.94,64.5,210637,,,,,379.18,552.03,316098,,,,,,,374.85,3662.06,3971845,,,313.36,7449.11,2.48,33.21,1135.41,21889.59,4482512,34.1,292.45,9.78,68.77,72.62,570.56,1448340,28.12,61.18,96.42,282.85,383569,25.17,10.33,332.89,209.69,65413,,,213.03,5978.54,1321825,,,,,163.1,149.41,59104,1290.72,7826141.7,573966,45.67,25.6,172.12,106.83,17533,,,1.24,61.12,234.45,7373.34,4059951,213.97,680.33,37.51,93.27,2.51,5.87,575.7,1100.56,398331,15.45,62.67,171.6,837.89,662294,13.63,95.01,36.54,282.06,629293,96.94,67.57,39996,46.73,8.12,740,22.22,13.88,1181.45,722.94,44381,,,,,,,,,,,,,,,,,,,,,,,,,,,,,,,,,,,,,,,,,,,,,,,,,,,,,,,,,,,,,,,,,,,,,,,,,,,,,,,,,,,,,,,,,,,,,,,,,,,,,,,,,,,,,,,,,,,,,,,,,,,,,,,,,,,,,,,,,,,,,,,,,,,,,,,,,,,,,,,,,,,,,,,,,,,,,,,,,,,,,,,,,,,,,,,,,,,,,,,,,,,,,,,,,,,,,,,,,,,,,,,,,,,,,,,,,,,,,,,,,,,,,,,,,,,,,,,,,,,,,,,,,,,,,,,,,,,,,,,,,,,,,,,,,,,,,,,,,,,,,,,,,,,,,,,,,,,,,,,,,,,,,,,,,,,,,,,,,,,
2000,29326.85,55519.35,10245.62,18346.58,2461.43,7047.57,42033.83,80913.5,793445,25322.33,69298.24,25322.33,69298.24,797933,5040.71,4846.23,4941.09,2845.01,5.89,11.92,9987.67,7703.18,239124,9739.93,6611.21,14.39,12.65,142.92,273.2,9897.21,6897.06,267419,5487.05,9467.5,429.67,1274.09,167.25,492.2,6083.91,11233.69,685063,1668.41,2561.17,44.25,52.31,10.78,21.38,1723.43,2634.87,179107,,,753.07,1411.27,753.07,1411.27,372207,1280.52,458.98,6.35,3.97,,,1286.86,462.95,139630,5175.4,3851.55,5175.5,3851.72,301137,3613.78,2241.97,6.18,2.73,3619.93,2244.68,302776,2170.31,838.02,550.82,405.88,,,2721,1243.79,145734,491.61,216.9,202.34,79.13,693.96,296,71373,1.02,0.27,960.81,693.04,961.83,693.31,143216,2578.6,839.93,381.7,176.92,8.21,4.82,2968.43,1021.75,139156,1005.93,144.53,1005.93,144.53,6842,,,,,,,,,,392.48,406.82,398,418.7,197941,447.96,294.67,447.96,294.67,53419,1483.76,414.56,1483.76,414.56,90493,987.94,425.67,987.94,425.67,106666,6067.29,5625.37,460.82,657.44,144.76,207.15,6672.82,6489.97,343317,1515.5,418.45,44.39,9.79,,,1667.04,520.5,133286,3884.56,3649.06,3884.56,3649.06,235642,408.5,201.79,408.5,201.79,31751,1080.75,884.33,8.65,3.94,1089.4,888.27,111755,480.7,164.94,480.7,164.94,107273,552.75,369.81,457.57,217.02,37.39,25.6,1047.7,612.42,144883,6361.08,5230.92,6361.08,5230.92,123005,446.94,96.22,31.5,9.03,478.44,105.25,36383,,,0.14,0.08,,0.08,1375,,,4320.16,2252000,8541.21,1645.59,,,8541.21,1645.59,51936,831.71,1578.85,831.71,1578.85,105225,155.42,196.19,155.42,196.19,83202,,,35.54,67.55,203596,,,,,248.02,326.46,162226,17.05,227.88,13.27,308.63,,,288.08,2485.37,2829485,6.29,138.31,6.48,148.12,,,1037.38,19980.15,3798306,,,,,62.5,455.9,1419318,,,172.79,673.05,503991,,,346.7,228.14,70727,,,249.68,6791.66,1465690,,,,,287.77,331.94,91137,1409.88,8857544.99,740336,12.23,9.24,167.65,110.94,18043,,,0.41,18.77,217.3,7335.76,3288100,292.5,654.61,28.57,74.12,1.79,3.78,605.39,999.82,247742,18.2,77.86,113.07,504.8,435893,15.45,111.69,26.58,263.38,441336,94.52,70.33,45442,58.07,9.94,1215,14.46,11.03,2824.64,681.16,39211,,,,,113.48,612.38,3.09,9.05,3.4,25.22,,,,,,,,82.78,3069.53,3.67,84.17,14.02,137.78,0.16,29.3,2.93,87.24,1.14,11.53,,,,,0.4,5.68,1.77,26.51,2.66,41.65,2.69,66.83,0.9,23.03,0.44,16.98,7.54,11.39,,,,,0.02,0.58,3.5,87.79,,,1.13,16.58,0.51,7.93,,,0,0,,,0,0.03,,,,,,,,,,,,,,,,,,,,,,,,,0.11,2.93,0.32,7.52,3.74,7.43,89.84,30.79,,,1.39,18.04,353.6,4613.68,76.17,55.28,,,,,,,,,,,,,,,,,,,,,,,,,21.26,67.21,,,,,0.73,0.71,,,0.1,0.23,,,4.05,0.9,,,,,,,,,0.51,9.64,,,0.46,2.74,33.01,158.68,4.84,0.43,25.15,6.16,0.04,0.04,166.29,301.96,75.7,1475.12,1.55,20.22,36.94,432.15,,,37.73,487.94,7.63,52.5,12.83,111.73,3.69,86.7,3.35,112.98,,,1.04,23.73,,,4.66,231.95,0.55,6.56,,,,,0.11,1.71,1.14,13.55,0.67,10.23,,,,,,,,,0.33,6.05,,,,,,,,,,,2.08,33,13.47,60.76,,,2.6,23.33,,,,,1.98,25.78,,,0.06,0.19,,,,,,,,,,,,,0.65,4.53,,,,,,,,,,,,,1.74,,51.9,,,,104.81,4295.54,,,,,1.21,9.57,,,0.07,1.18,0.49,9.94,2.02,50.36,,,13.37,262.55,,,1.15,28.76,,,,,9.75,139.77,,,8.24,13.07,,,,,,0.16,,3.24,0.96,21.42,,,1.2,14.35,1.81,360,,,,,4.27,59.35,359.67,8541.41
2001,31826.17,64406.17,7116.44,16994.58,2639.88,6447.14,41582.31,87847.84,856315,26010.67,72265.91,26010.67,72265.91,831573,4532.23,4318.62,5226.59,3202.89,6.41,12.39,9765.24,7533.88,258277,9347.72,7994.77,10.13,7.67,140.75,254.43,9498.6,8256.87,264345,5275.63,10062.92,424.1,1390.52,167.69,423.89,5867.23,11877.25,715723,1523.03,2240.94,53.4,69.32,9.3,14.16,1585.72,2324.35,184410,,,639.92,1403.88,639.92,1403.88,424865,1150.96,461.64,22.14,11.05,,,1173.1,472.7,152879,6404.17,5466.14,6404.28,5466.24,313643,3289.35,2235.73,5.75,2.87,3295.08,2238.55,314319,2139.28,883.64,654.14,411.83,,,2793.42,1295.36,168366,340.47,149.95,260.75,105.14,601.2,255.07,65203,0.76,0.28,958.8,730.76,959.56,731.04,152804,2595.51,887.16,199.11,68.71,8.47,4.75,2803.01,960.6,140162,1349.72,324.01,1349.72,324.01,14830,,,,,,,,,,415.71,473.95,427.98,528.1,326797,606.94,387.01,606.94,387.01,47542,1117.17,373.87,1117.17,373.87,85618,1079.43,530.35,1079.43,530.35,110842,5826.7,6361.54,261.11,444.36,139.03,206.17,6226.89,7012.08,379920,1420.11,561.6,43.98,11.02,,,1572.66,663.44,154892,4616.95,4665.69,4616.95,4665.69,274662,403.47,220.19,403.47,220.19,42047,681.03,639.53,9.22,5.02,690.25,644.55,99898,472.62,181.67,472.62,181.67,112816,504.31,346.94,614.91,276.85,47.74,39.46,1166.96,663.27,223708,6277.65,5891.04,6277.65,5891.04,135341,425.54,102.99,28.29,8.86,453.83,111.85,38797,,,0.24,0.13,,0.13,4036,,,4395.69,2311529,9028.25,1767.79,,,9028.25,1767.79,43423,867.3,1785.31,867.3,1785.31,107528,115,152.2,115,152.2,64803,,,15.84,21.1,127133,,,,,264.11,476.02,270030,17.74,234.96,14.09,324.49,,,284.47,2875.07,2896079,7.77,155.51,5.74,121.73,,,1072.51,21980.95,4706620,,,,,62.05,470.83,1336204,,,129.04,390.43,416881,,,396.82,304.96,79877,,,131.82,2615.97,460976,,,,,312.1,352.51,89100,1439.32,8602808.65,743162,0.48,0.18,251.16,127.57,19905,9.5,199.27,0.59,28.06,224.43,6927.21,3477397,149.44,520.96,36.39,94.32,2.56,7.83,515.02,960.04,281373,15.19,65.21,98.42,526.72,500901,15.32,98.61,27.81,259.36,471107,113.72,72.98,44733,54.58,8.39,1199,11.18,10.86,2503.47,921.8,61942,,,,,120.37,525.66,8.64,72.85,3.06,21.44,,,,,,,,128.2,4149.68,3.71,88.42,18.77,197.2,7.74,150.39,2.51,75.06,5.24,30.46,,,,,0.86,12.12,2.08,31.32,20.01,208.56,3.37,83.97,0.74,18.56,14.56,237.53,17.28,64.06,,,,,0.18,4.48,3.52,91.22,,,1.2,17.9,0.52,7.88,,,0,0,,,0,0.02,,,,,,,,,,,,,,,,,,,,,,,,,0.09,2.47,0.19,4.45,,,,,,,3.34,25.34,380.16,6326.18,72.88,41.49,,,,,,,,,,,,,,,,,,,,,,,,,21.36,67.6,,,,,0.77,0.78,,,,,,,4.1,0.9,,,2.68,3.64,,,,,18.37,124.65,,,7.17,24.04,35.52,126.59,5.2,0.48,49.64,22.07,2.13,1.44,219.71,413.65,156.13,2135.18,9.44,47.55,42.94,443.8,,,34.39,433.89,7.82,64.43,12.46,118.2,4.13,93.92,3.45,124.98,,,0.96,21.97,,,5.11,254.85,0.37,4.29,,,,,0.13,1.72,1.01,12.23,0.82,12.19,,,,,,,,,0.64,11.78,,,,,,,,,,,2.25,35.57,14.4,86.3,,,3.14,28.34,,,,,2.12,27.2,,,0.41,1.22,,,,,,,,,,,,,0.67,4.66,,,,,,,,,,,,,1.36,,41.07,,,,111,4167.15,,,,,1.2,9.58,,,0.06,1.22,1.03,20.52,2.14,53.33,,,13.49,259.49,,,1.03,25.61,,,,,9.85,130.19,,,23.84,24.04,,,,,,0.22,,4.58,0.99,19.26,,,1.24,23.43,1.94,387,,,,,99.46,62.93,571.22,9193.19
2002,27108.44,43854.36,10527.93,19974.24,2011.48,5439.74,39647.78,69268.13,739816,24923.83,65311.49,24923.83,65311.49,797155,4304.51,4289.36,4957.92,2688.51,9.33,15.41,9271.71,6993.18,242092,7571.31,4467.86,7.53,4.19,142.55,229.68,7721.39,4701.72,223504,5465.78,8475.89,440.99,1365.51,180.53,474.74,6087.15,10316.17,655075,1295.11,1222.5,89.64,73.41,6.93,7.95,1391.64,1303.88,162583,,,647.9,1362.56,647.9,1362.56,405706,1229.36,329.84,14.13,5.36,,,1243.48,335.2,127491,5891.19,4226.4,5891.21,4226.44,302474,2934.97,1760.61,26.33,33.11,2961.33,1793.71,235190,2209.04,874.46,661.28,363.31,55.96,29.86,2926.09,1267.58,152690,383.9,121.48,277.35,83.32,661.19,204.77,60282,0.88,0.36,883.58,669.87,884.46,670.23,147950,2533.58,669.51,144.35,37.89,258.89,155.16,2936.71,862.55,140395,489.43,28.97,489.43,28.97,10974,,,,,,,,,,424.13,491.47,430.42,503.54,202439,503.68,310.17,504.27,310.67,46925,1283.24,334.78,1283.24,334.78,75334,991.97,410.94,991.97,410.94,84003,5445.51,3434.54,333,434.09,147.22,242.39,5925.72,4110.97,309961,1199.61,316.75,35.14,7.89,107.13,87.3,1341.87,411.97,126176,4140.78,3544.22,4140.78,3544.22,246994,369.4,179.2,369.4,179.2,33433,576.09,424.88,6.4,2.75,582.49,427.63,95095,426.65,158.74,426.65,158.74,102821,848.17,501.3,735.96,314.22,39.67,24.74,1623.85,840.28,182125,6035.35,4542.8,6035.35,4542.8,108560,387.25,78.22,19.93,5.81,407.18,84.03,34795,,,11.51,13.88,,13.88,20462,,,4491.94,2173304,7622.63,1538.04,,,7622.63,1538.04,40403,857.41,1737.54,857.41,1737.54,102348,118.76,142.43,118.76,142.43,65097,,,23.97,22.65,128530,,,,,326.68,522.97,288988,15.42,171.94,28.41,412.98,22.4,250.14,317.11,3028.75,3751798,7.74,154.19,376.49,7181.16,2.4,30.81,1231.21,21772.5,4712755,,,,,74.43,580.06,1677031,,,688.87,832.51,450682,,,277.61,166.39,76312,,,189.26,4661.24,1324947,,,,,185.53,175.95,76029,1771.7,11738084.24,963580,0.31,0.11,288.23,146.74,17501,,,0.64,27.75,221.33,7639.05,3975322,174.42,727.13,37.53,136.28,1.73,3.45,544.65,1176.73,403021,30.03,142.01,120,545.89,503079,17.27,118.45,33.28,241.22,625834,118.08,61.78,52055,24.12,1.63,1136,10.77,9.39,2930.95,707.3,57652,557595021,452306786,491,3523502313,257.55,1378.2,8.57,70.84,2.8,19.6,,,,,,,,139.14,3661.17,3.78,71.44,32.7,287.59,18.54,376.68,1.74,52.44,13.9,73.28,,,,,1.32,18.13,5.08,52.56,20.18,187.17,7.15,111.08,0.66,16.34,16.13,261.71,16.54,60.06,,,,,0.09,2.35,7,188.87,,,4.88,31.22,2.95,17.34,,,0,0,,,9.44,36.86,2.04,6.8,,,,,,,,,,,3.24,4.63,,,,,,,,,,,25.62,192.17,7.92,119.22,,,,,49.96,2.05,55.07,389.31,729.61,7920.64,146.23,119.3,,,,,,,,,,,,,,,,,,,,,,,,,21.79,68.79,,,,,1.01,1.12,,,0.08,0.17,,,4.04,0.89,,,2.71,3.65,,,,,35.58,169.73,,,19.23,67.65,53.95,137.08,5.07,0.45,65.06,32.84,3.1,12.15,357.71,613.73,151.1,2090.32,9.07,39.62,65.72,663.32,,,33.3,500.62,9.3,87.01,12.09,117.39,6.37,138.62,7.33,229.23,,,0.88,20.45,,,5.52,274.75,0.36,4.51,,,,,0.1,1.4,1,11.83,0.72,10.6,,,,,,,,,0.73,13.4,,,,,,,,,,,1.94,30.3,26.86,142.69,,,2.6,39.1,2.37,23.66,,,1.48,19.05,,,0.46,1.38,,,,,,,,,,,,,0.72,5.07,,,,,,,,,,,,,0.92,,27.3,,,,70.84,2160.09,,,,,0.86,8.57,,,0.06,1.24,3.46,47.05,2.34,35.02,,,13.59,248,,,0.94,23.15,,,,,9.96,143.14,,,23.89,24.14,,,1.43,14.26,,0.22,,4.5,0.99,19.06,,,1.21,18.13,2.15,433.2,,,,,11.32,120.89,484.04,7791.74
2003,28684.18,57714.71,11308.48,22181.82,2005.7,5596.51,41998.28,85492.93,891216,26545.64,72278.97,26545.64,72278.97,868059,4564.19,4887.87,4725.11,1734.16,7.02,18.8,9296.21,6640.78,297141,10463.24,11673.03,9.74,6.59,170.8,365.77,10643.74,12045.39,307824,5964.6,11742.27,499.21,1628.61,190.28,489.59,6654.01,13860.47,792220,1591.7,1846.8,76.31,33.07,6.58,7.81,1674.59,1887.64,180981,,,632.91,1285.84,632.91,1285.84,420428,975.87,371.93,30.68,11.62,,,1006.55,383.54,176316,7064.78,5736.15,7064.84,5736.24,340169,3422.77,2313.44,7.51,3.24,3430.27,2316.68,357638,2881.7,1215.71,420.56,174.9,58.36,28.55,3360.62,1419.17,190187,387.75,131.06,240.32,76.09,628.05,207.15,69295,,,912.82,804.05,912.82,804.05,167967,2960.69,1458.03,252.4,88.56,224.37,110.47,3437.39,1657.02,170241,1550.43,819.1,1550.43,819.1,27373,,,,,,,,,,498.2,638.43,498.2,638.43,232817,629.64,442.39,629.64,442.39,57054,1309.11,468.6,1309.11,468.6,102124,948.1,463.21,948.1,463.21,94723,5402.22,7291.74,383.45,532.25,180.22,282.11,5965.86,8106.05,384420,1425.37,600.92,50.49,10.34,,,1639.18,754.28,151764,4983.27,5902.7,4983.27,5902.7,306153,365.28,136.46,365.28,136.46,31764,685.06,788.27,6.83,3.05,691.89,791.32,133141,406.57,162.78,406.57,162.78,115687,997.76,598.17,950.91,292.56,41.8,23.19,1990.48,913.9,233416,6483.81,7745.63,6483.81,7745.63,166919,403.5,101.59,19.61,6.17,423.11,107.76,40509,26,4.99,14.72,0.02,,314.92,39665,,,3991.5,2104091,7539.45,2450.14,,,7539.45,2450.14,62339,841.68,1733.58,841.68,1733.58,107050,104.35,128.02,104.35,128.02,72216,,,18.52,23.29,163530,,,,,356.28,561.32,231024,16.88,234.55,21.01,410.99,11.42,112.46,480.4,5669.84,4436301,,,22.52,195.29,,,1193.42,21938.86,4493496,,,,,75.09,593.58,1740671,,,136.71,515.4,481387,,,475.92,383.94,94491,,,212.72,5886.35,1470120,,,,,340.22,393.52,99119,1776.97,11632490.86,958504,0.28,0.1,293.03,142.15,19825,,,0.77,32.77,255.73,9453.13,3801494,94.6,266.99,33.74,88.07,2.96,8.72,456.42,680.66,358602,20.73,93.05,73.57,334.98,467839,14.07,68.38,41.8,361.99,612868,76.15,52.3,51587,23.1,1.43,1148,4.03,2.81,2684.7,1225.25,112987,653016005,555081355,502,4097533348,257.03,1206.54,10.1,88.04,2.57,17.89,,,,,,,,134.21,3349.81,3.76,93.6,32.6,326.3,8.22,189.3,3.7,111.03,11.1,49.84,,,,,2.14,30.02,5.25,55.6,20.62,195.88,8.09,135.34,0.49,12.9,15.96,254.45,16.76,67.59,,,,,0.06,1.61,7.41,186.6,,,4.49,28.27,3.23,13.7,,,0,0,,,8.24,11.34,2.06,4.32,,,,,,,,,,,4.87,4.1,,,,,,,,,,,25.98,195.61,12.68,202.33,,,,,,,53.4,403.06,672.7,7496.9,152.47,108.73,,,,,,,,,,,,,,,,,,,,,,,,,21.03,65.88,1.29,1.55,,,,,,,0.08,0.15,,,4.17,0.95,,,2.71,3.72,,,,,35.51,168.48,,,19.2,67.8,52.94,139.74,5.21,0.47,67.51,36.11,2.63,9.93,364.57,603.44,167.13,2217.39,56.3,437.02,66.53,665.54,,,146.22,2087.68,84.28,814.75,153.3,2166.7,68.27,1033.78,40.13,1103.19,,,0.98,22.21,,,6.18,307.7,0.34,4.05,,,,,0.11,1.5,0.94,11.35,0.83,12.25,,,,,,,,,0.89,16.21,,,,,,,,,,,1.79,28.51,26.13,271.9,,,2.71,40.19,2.99,26.76,,,3.4,44.22,,,0.29,0.88,,,,,,,,,,,,,0.59,4.13,,,,,,,,,,,,,0.85,,25.95,,,,95.02,3201.43,,,,,0.93,9.29,,,0.07,1.48,3.36,42.03,1.97,29.56,,,13.94,278.91,,,0.64,16.21,,,,,10.24,147.64,,,9.16,14.65,,,1.4,10.16,,0.27,,5.32,1,19.26,,,1.25,15.24,2.51,499.4,,,,,197.08,1928.08,1169.52,17561.79
2004,25411.89,50662.28,13631.48,24173.8,2383.88,6821.17,41427.03,81657.15,845346,26508.59,69048.43,26512.66,69053.73,838783,4120.09,4050.75,4850.24,2984.18,15.98,12.7,8986.23,7047.65,271316,9149.82,7726.4,10.34,6.91,147.11,304.8,9307.27,8038.12,300251,6131.07,10791.22,472.44,1745.57,178.27,541.77,6781.6,13078.4,747606,1403.68,2204.97,91.96,69.71,7.72,12.07,1503.3,2286.75,171080,,,586.82,1158.79,586.82,1158.79,403280,906.97,327.02,21.21,8.5,,,928.19,335.51,129759,6633.63,5374.93,6633.74,5375.03,342623,2871.93,1800.79,30.33,35.24,2902.25,1836.01,261655,1980,738.53,506.62,282.72,4.62,1.89,2491.22,1023.07,155575,327.56,140.37,279.89,91.37,607.67,231.76,67721,,,872.6,490.83,872.6,490.83,111564,2631.21,788.2,253.35,72.4,296.65,135.28,3181.18,995.92,118937,1488.28,204.61,1488.28,204.61,11472,,,,,,,,,,92.84,65.66,92.84,65.66,82780,602.73,288.25,602.73,288.25,42111,655.71,214.9,655.71,214.9,67314,283.88,151.69,283.88,151.69,131194,5976.83,5696.85,394.7,539.99,183.96,280.76,6601.93,6589.08,390147,1620.31,515.34,80.1,22.46,8.29,2.18,1856.9,665.03,158124,7007.52,7215.17,7007.52,7215.17,309822,369.99,179.54,369.99,179.54,41171,767.17,804.73,7.04,3.55,774.16,808.28,126451,375.91,144.67,375.91,144.67,117264,1242.23,663.68,1169.58,569.46,67.29,63.36,2479.08,1296.49,238414,7596.36,6800.67,7596.36,6800.67,149760,290.13,73.08,123.62,33.98,413.75,107.06,37535,0.25,0.16,0.12,0.06,,0.24,7001,2002.37,14.5,3498.15,2017772,8737.79,3053.39,,,8737.79,3053.39,64964,764.14,1588.56,764.14,1588.56,90850,87.07,118.36,87.07,118.36,67805,3.24,0.88,13.01,13.32,77936,,,,,352.04,520.53,197327,21.91,344.56,13.62,268.7,,,396.58,4502.22,4066054,,,462.34,9959.82,,,1196.24,21691.54,4474413,,,,,98.85,858.53,2457488,,,143.95,659.81,551372,,,362.88,253.09,94805,,,220.3,7119.03,1553103,,,,,265.45,321.41,64480,1767.71,13159914.76,922837,15.48,4.37,349.34,163.25,22769,,,1.11,50.22,264.23,9517.24,3767521,96.13,294.23,40.82,104.94,2.29,5.89,549.04,818.42,285741,22.06,111.09,143.48,727.73,636871,17.17,55.19,43.17,387.34,634425,75.46,86.65,59148,59.38,10.81,1489,5.63,2.1,2701.65,1017.03,56071,776673883,656332988,502,4582772159,424.67,2483.72,10,87.12,2.51,17.62,,,,,,,,201.79,5676.56,13.99,288.9,44.02,520.71,11.2,190.11,5.63,157.82,16.17,60.27,1.64,11.37,0.44,3.47,2.82,39.39,6.27,64.41,22.82,212.84,31.02,393.33,12.49,144.59,14.02,221,17.43,73.65,,,,,1.08,20.93,14.75,174.57,,,6.2,35.5,7.2,27.81,,,0,0,,,26.33,94.5,6.77,13.04,,,,,,,,,,,16.69,7.21,,,,,,,,,,,28.67,223.22,22.1,99.87,,,4.27,30.72,0.36,2.41,69.67,504.17,1062.69,12175.31,154.31,171.65,144.71,230.45,,,0.29,0.46,1.09,4.21,0.02,0.13,,,,,,,,,,,,,,,21.23,67.14,1,1.11,,,,,,,0.07,0.16,,,28.38,6.36,,,2.97,4.43,,,,,53.9,386,,,21.47,85.37,70.89,273.78,26.62,2.89,64.18,54.08,7.01,13.61,597.92,1301.58,231.44,2786.52,59.34,470.95,210.82,1713.97,,,216.59,3610.79,100.79,929.61,178.38,2616.32,76.49,1128.84,46.26,1211.16,0.91,9.61,6.64,84.68,0,0,6.56,327.4,1.06,11.28,,,0.33,3.44,2.8,28.18,2.65,28.29,0.65,9.49,0.27,2.56,0.5,5.02,,,,,0.94,16.54,,,,,,,,,4.19,43.69,8.9,96.44,27.7,179.79,1.27,12.71,12.38,148.57,4.51,33.76,,,2,26.09,,,0.61,1.84,,,0.18,1.56,0.24,2.14,,,,,,,0.72,5.06,,,,,,,,,,,,,0.86,,25.71,,,,110.59,4563.77,,,,,4.02,42.59,,,,,3.07,59,2.76,41.29,,,14.79,295.09,,,,,,,,,10.76,154.89,,,9.6,15.43,,,2.02,7.74,,,,,,,,,4.31,15.8,2.77,550,,,,,231.88,2223.52,1602.74,23540.42
2005,25300.27,52894.48,14409.02,27268.56,2593.4,6872.08,42302.51,87035.04,882374,26190.19,67274.56,26193.46,67279.03,814622,3866.06,3911.34,4771.62,3290.99,5.72,9.7,8643.35,7211.97,284811,9483.07,6722.26,12.19,9.85,165.31,375.59,9660.58,7107.69,277968,6244.82,11493.73,535.27,2066.77,198.41,480.89,6978.41,14041.41,722479,1407.29,2130.44,94.33,126.92,8.53,18.35,1510.19,2275.71,175366,,,613.46,1180.67,613.46,1180.67,396903,557.15,211.99,9.82,6.92,,,566.96,218.92,127962,6817.95,5570,6817.95,5570,350822,2966.58,2152.53,16.02,19.58,2982.6,2172.11,269468,1809.87,687.69,507.99,278.43,6.49,2.56,2324.36,968.7,164278,301.58,139.68,272.13,96.85,574.08,236.58,83578,,,881.32,503.23,881.32,503.23,108815,2466.81,735.06,261.49,70.22,305.13,139.43,3033.31,944.63,148698,1277.35,174.06,1277.35,174.06,14115,,,,,,,,,,318.66,209.52,323.37,237.7,281185,590.39,317.46,590.39,317.46,47433,616.16,194.47,616.16,194.47,73755,307.63,138.34,307.63,138.34,74185,5896.34,6737.47,436.42,606.72,247.46,387.43,6629,7814.76,367223,1489.4,485.72,82.76,23.56,10.34,2.79,1731.1,648.17,173869,6977.7,7862.45,6977.7,7862.45,324758,363.06,229.06,363.06,229.06,32647,866.81,943.25,0.05,0.04,866.86,943.29,133756,365.52,140.32,365.52,140.32,114195,831.97,403.32,967.99,521.93,69.62,61.11,2313.85,1283.89,189126,7963.79,8516.36,7963.79,8516.36,154982,294.03,69.21,,,294.03,69.21,36921,1.3,0.61,0.18,0.16,,0.78,6283,2155.84,16.34,4205.51,2315867,8247.12,3202.7,,,8660.43,3308.08,64869,749.49,1686.73,749.49,1686.73,115696,80.87,127.65,82.97,128.11,84258,4.28,1.48,12.55,12.02,89428,,,,,356.01,533.01,246028,156.83,1123.84,29.45,467.97,4.08,67.57,435.37,5592.42,3956272,67.63,226.4,488.8,10381.94,0.32,5.08,1277.46,22367.82,4593462,,,,,47.35,481.23,2554505,0.15,0.1,134.69,746.4,532490,0.16,0.02,207.14,169.08,96337,,,236.62,7572.01,1617721,,,,,355.38,1258.5,230043,1812.68,14220444.73,1086783,16.28,5.28,276.45,108.59,22414,,,1.07,47.14,272.29,9236.43,3533790,148.86,339.94,27.95,64.83,2.27,8.98,490.14,668.49,359658,18.44,89.64,113.15,587.28,567590,16.73,47.74,48.61,494.96,672512,73.21,76.95,64224,56.56,15.27,1796,4.43,4.37,3264.04,1061.28,58143,1048680956,897769504,508,6163232849,540.65,3365.17,8.8,78.39,2.59,17.7,,,,,,,,267.32,9540.83,3.74,115.06,47.24,533.98,19.09,600,6,150.32,18.96,80.95,7.07,59.35,13.45,109.4,4.12,57.85,20.61,203.47,26.36,256.02,57.25,652.43,15.29,177.18,11.99,190.13,20.07,99.42,,,,,1.86,30.89,16.94,155.08,13.3,92.89,8.18,57.11,9.77,47.04,,,0,0,,,28.81,112.35,9.07,30.38,,,,,,,,,,,17.6,16.53,,,,,,,,,,,57.19,511.83,26.59,134.39,,,13.4,25.52,14.7,127.11,89.29,687.44,1420.17,18663.01,167.27,190.5,123.16,152.96,,,0.6,1.83,2.3,1.31,1.21,1.21,267.95,147.62,,,36.27,57.26,4.85,5.95,24.63,18.2,4.85,3.84,,,21.12,67.51,0.65,0.65,,,,,,,2.57,517.6,,,20.11,10.33,,,3.17,4.79,,,,,68.19,486.9,,,62.11,244.45,78.01,337.99,25.34,19.27,75.49,72.24,7.24,15.27,996.76,2357.15,298.01,3920.2,58.91,487.92,314.3,5310.09,,,254.93,4500.9,149.69,1345.46,248.87,3736.1,96.13,1468.29,68.53,1583.08,1.14,18.51,8.56,135.47,,,6.86,306.83,0.2,2.63,,,1.64,23.86,3.61,76.44,5.35,47.89,0.62,9.32,,,1.52,33.25,,,,,0.58,10.36,,,,,,,,,26.15,214.39,8.16,66.53,31.69,206.25,28.3,17.44,14.22,175.28,4.12,29.48,,,1.84,23.92,,,0.57,1.73,,,,,,,,,,,,,0.63,4.51,0.93,13.95,,,,,,,,,0.49,5.17,0.8,,24.21,,,,127.14,4857.45,,,,,1.3,13.2,4.15,48.69,,,5.2,69.77,4.26,63.11,,,15.23,304.06,,,1.29,32.3,,,,,11.08,159.43,,,9.88,15.9,,,1.91,10.61,,,,,,,,,1.36,16.43,0.2,0.39,,,,,285.6,2885.41,2105,32275.42
2006,25597.77,54724.78,14152.55,27848.16,2548.65,7178.86,42298.87,89751.64,929483,27896.58,77263.86,27900.49,77269.67,908534,3480.46,3480.67,4649.38,3177.75,4.8,7.21,8429.02,6959.6,299687,9237.1,7798.77,12.14,7.04,184.64,429.92,9499.43,8334.71,303619,6164.58,10098.97,571.37,2364.21,237.99,727.99,7171.59,13950.15,820385,984.85,1024.2,105.69,107.03,7.27,14.93,1193.28,1294.26,183268,,,555.42,1243.95,555.42,1243.95,358893,829.57,365.64,8.4,5.21,,,837.98,370.84,134954,7484.68,6369.95,7624.69,6392.13,334515,3233.85,2083.16,23.58,24.92,3286.57,2129.43,312528,1615.93,579.94,575.84,390.42,6.13,2.17,2448.9,1115.64,169568,212.05,76.8,344.69,111.39,612.6,220.74,65896,,,1461.8,901.63,1461.8,901.63,167895,2359.09,760.57,260.72,90.64,306.38,126.99,3060.11,1055.59,151102,1197.3,204.47,1197.3,204.47,11230,,,,,,,,,,289.65,182.12,289.65,182.12,170281,605.96,372.42,605.96,372.42,68492,1107.43,571.27,1107.43,571.27,120577,665.93,524.81,665.93,524.81,143431,4499.25,3209.62,376.71,529.25,250.61,379.09,5692.02,5222.64,381073,1068.13,334.62,76.6,19.86,9.62,2.41,1654.17,658.29,161672,6425.85,7050.35,6429.89,7051.42,320188,375.55,238.1,375.55,238.1,30725,661.67,800.06,0.06,0.05,667.02,801.78,118777,352.16,129.93,352.16,129.93,118257,737.68,253.18,838.18,339.76,79.73,73.52,2127.46,1043.79,203312,8169.52,8782.01,8169.52,8782.01,169968,290.74,67.5,,,290.74,67.5,33994,0.83,0.44,1.03,0.55,,0.98,2166,2246.58,20.12,4644.07,2249839,8575.54,3622.28,,,9051.91,3758.58,66993,794.99,1765.07,795.32,1765.07,121112,96.41,139.67,98.42,140.12,75653,6.53,3.5,11.14,12.05,88369,,,23.22,123.63,330.35,477.07,205671,18.63,306.83,23.76,441.35,13.21,153.41,374.97,4199.42,3642706,10.06,91,528.23,10708.68,,,1227.96,19292.79,4259136,18.88,257.34,,,41.19,388.67,2006957,0.19,0.11,135.55,670.76,515027,0.16,0.02,305.93,225.56,91315,,,249.99,8383.09,1719899,,,,,369.81,507.16,127326,1799.95,14940927.28,1203571,14.77,3.79,388.17,173.38,26426,,,1.41,66.63,291.46,9423.24,4131983,136.15,378.47,36.33,95.23,4.07,13.35,447.24,701.22,265811,22.9,114.54,97.89,395.45,557078,17.45,44.25,57.79,783.79,747275,98.08,135.42,66771,56.2,17.25,1736,1.7,1.41,2886.62,357.03,54156,1362699438,1157270761,509,7976655993,635.75,4038.57,10.27,92.9,5.44,63.09,1.84,16.78,,,,,,320.8,11918.11,15.83,324.31,74.17,849.5,36.19,1319.53,11.46,393.93,27.26,149.06,8.79,70.32,15.03,122.85,5.3,73.74,22.25,227.95,44.19,649.35,65.54,751.18,17.09,188.87,30.11,772.13,28.21,269.76,,,,,1,33.81,18.23,190.65,13.51,94.4,9.7,65.03,9.85,47.47,,,0,0,,,30.65,123.35,9.1,30.73,,,,,,,,,,,18.9,20.69,,,,,1.5,14.12,,,,,59.61,541.88,34.2,194.07,,,14.62,24.09,15.22,135.38,99.61,672.03,1738.61,24896.85,186.02,223.08,137.85,164.3,0,0,0.41,1.45,7.69,3.37,2.64,1.98,259.25,152.87,,,51.5,84.35,4.18,6.45,26.44,29.57,6.58,7.85,0.31,1.46,36.2,144.43,0.76,0.79,0.05,0.01,,,3.43,1.44,0.14,0.31,,,18.82,9.6,,,3.25,4.88,,,,,65.42,487.13,,,65.41,355.65,84.55,376.77,28.68,7.88,85.63,79.37,9.06,30.34,1083.78,2174.94,317.36,4467.2,63.47,535.78,305.21,5026.95,,,327.72,5418.24,226.36,2132.49,396.65,6428.16,147.03,2836.8,147.62,3646.7,3.67,60.81,9.76,133.46,,,9.04,371.03,3.43,30.67,,,1.48,15.52,6.43,71.25,7.22,59.8,1.29,19.74,,,1.74,32.41,195.37,2253.8,,,1.62,35.61,0.7,19.4,,,0.68,8.79,,,26.6,207.78,9.48,63.71,55.15,356.14,32.09,226.34,16.76,188.53,4.57,32.84,,,1.16,15.16,,,0.64,1.93,,,,,,,0.89,15.85,,,,,6.29,93.48,9.15,67.11,2.71,26.22,,,2.85,26.99,2.5,38.17,0.7,5.27,1.09,,32.97,,,,141.06,5654.37,0.51,22.51,,,0.74,7.54,4.47,42.68,,,46.66,536.67,8.55,143.37,,,15.61,285.14,,,3.24,66.16,,,,,11.39,160.99,,,40.77,394.95,,,4.42,42.62,,0.58,,11.58,1.43,27.7,,,1.39,18.24,4.14,505.76,,,,,494.13,3917.54,3124.75,46839.6
2007,25220.05,56380.75,14359.31,28122.15,2754.22,8033.03,42333.44,92535.75,971844,27984.86,79425.16,27990.43,79433.91,946282,3270.88,3896.71,4188.26,3597.51,6.08,11.89,7748.74,7753.91,298226,9323.22,9409.28,14.44,11.5,194.98,456.48,9592.4,9963.12,321832,6291.69,13761.27,673.42,3205.85,265.43,837.89,7453.89,18614.98,921532,1202.32,1736.85,85.59,97.88,8.62,17.32,1390.24,2027.99,173322,,,592.96,1190.65,592.96,1190.65,405783,428.41,196.98,7.48,4.99,,,438.79,202.62,111403,7656.75,5847.51,7663.57,5852.11,332626,3379.68,2771.07,19.07,27.1,3428.79,2819.26,355896,2211.46,1038.05,582.04,269.65,60.99,32.49,3161.94,1420.16,216546,193.36,87.38,246.93,103.97,488.9,212.73,65551,0.6,0.35,1319.2,797.1,1319.8,797.45,167655,2844.75,1194.05,263.91,79.53,350.11,162.76,3617.37,1482.51,177455,1304.32,422.31,1304.32,422.31,19783,,,,,,,,,,251.37,129.67,261.45,151.97,158190,611.62,692.4,611.62,692.4,65525,511.54,265.11,511.54,265.11,85501,544.26,413.25,544.26,413.25,147734,4934.8,6799.36,481.38,744,338.28,567.02,6289.61,9157.88,418079,1084.62,409.63,65.91,16.19,214.77,187.7,1748.76,761.93,171883,5417.37,5470.96,5421.64,5472.47,335945,303.04,214.04,303.04,214.04,39215,723.63,1047.34,,,728.8,1048.97,122912,319.6,116.58,319.6,116.58,103829,757.3,399.22,986.17,744.87,72.78,81.1,1861.08,1295.65,224947,8850.66,10600.36,8850.66,10600.36,162402,264.48,67.71,,,264.48,67.71,35706,0.15,0.06,41.05,10.69,,10.77,11503,2181.7,19.82,4928.56,2278098,8840.29,4198.62,,,9342.68,4361.6,71055,807.09,1728.13,807.09,1728.13,118152,93.72,139.02,95.58,139.42,64853,11.74,25.49,15.03,26.83,168237,,,24.96,139.61,336.5,491.39,166627,188.7,1357.54,39.35,531.99,16.48,197.95,455.42,5674.96,3793586,78.06,385.52,569.2,11592.37,2.17,34.5,1433.59,26547.57,4430374,18.42,248.06,,,42.2,411.31,2095111,0.14,0.07,78.24,311.73,405658,5.85,3.31,382.02,223.93,105634,,,227.54,8487.44,1684896,,,,,357.42,1318.49,219723,1655.06,13645965.9,1035538,10.79,2.45,257.71,97.36,17495,,,0.65,30.18,200.45,5160.11,3323558,172.46,320.16,41.49,133.12,4.21,12.6,449.91,658.69,369054,26.31,138.68,126.96,633.03,625065,16.1,42.7,78.47,1486.73,697462,60.41,111.78,82072,21.02,1.55,652,7.23,6.18,3735.56,2016.17,81224,1827420304,1574859484,516,10193502836,1167.22,8218.74,203.61,2708.67,6.45,87.63,5.53,71.93,,,,,,427.93,14907.14,20.66,420.07,81.08,1078.91,56.58,2690.07,13.76,417.16,28.91,160.55,13.76,91.36,16.79,174.99,6.77,107.35,23.38,294.31,47.36,727.46,85.18,949.88,25.5,286.12,26.66,693.5,91.77,1202.16,,,,,2.8,47.86,18.41,197.22,14.22,99.34,9.95,72.98,10,48.27,,,0,0,,,31.68,127.53,9.16,30.96,,,,,,,,,,,19.06,20.69,,,,,1.4,13.27,,,,,61.48,574.52,34.34,203.42,0.37,0.61,23.32,23.89,15.56,153.39,129.29,963.22,2761.36,38459.32,194.41,362.09,328.2,759.23,0.02,0,2.09,3.07,13.92,7.54,0.15,0.25,262.48,198.51,1.51,1.61,75.51,127.89,7.59,21.11,26.65,32.89,13.68,16.62,0.34,1.93,41.81,189.59,0.75,0.77,0.02,0,,,2.96,1.16,0.08,0.16,2.77,93.7,22.82,9.38,62.4,93.74,3.06,4.26,1.51,1.71,14.24,2.55,78.3,637.32,10.9,23.12,88.03,532.42,168.77,828.2,29.27,2.91,124.27,155.59,12.05,46.97,1589.85,4155.76,342,4777.59,62.41,523.9,381.66,6895.01,,,399.24,7288.7,260.53,2674.95,426.2,7127.9,159.32,3150.66,169.81,4093.57,5.66,80.6,8.36,133.5,,,9.94,374.96,3.43,29.69,,,1.58,10.59,9.24,146.24,8.76,86.21,1.41,21.34,,,2.07,22.74,202.75,2414.75,,,1.46,33.02,0.67,20.23,,,0.82,15.17,20.05,300.67,29.88,210.97,11.06,63.03,56.41,367.71,30.02,218.13,42.67,491.84,4.75,34.2,,,1.54,19.99,,,0.66,2.01,,,,,,,1.19,19.66,,,,,13.81,242.18,22.41,195,3.01,28.48,,,2.98,29.58,2.47,41.76,3.03,17.77,0.98,,28.83,,,,159.02,6282.71,0.19,7.01,,,0.43,4.5,7.74,106.08,,,51.71,630.52,14.96,253.31,,,15.55,283.14,,,3.43,67.6,,,,,11.65,164.28,,,48.25,570.99,,,4.24,42.6,,,,,,,,,1.61,21.62,4.06,486.49,,,,,548.43,4230.2,3574.27,55382.41
2008,26331.23,57324.77,14858.43,31090.98,2827.92,7516.04,44017.36,95931.71,1002343,27536.63,81149.78,27541.93,81157.18,955210,2682.19,2798.23,4571.61,3837.5,4.9,11.09,7517.59,6860.29,341474,8532.87,8380.22,9.64,9.2,175.68,427.35,8774.92,8900.8,351376,6073.55,12237.24,775.81,3939.14,290.46,915.99,7426.29,18350.08,959479,1170.06,1575.1,79.78,80.99,9.26,18.03,1349.14,1844.12,169275,,,670.93,1661.02,670.93,1661.02,449820,363.2,135.2,7.24,5.01,,,666.19,223.97,134487,7801.3,6975.09,7808.15,6979.44,362301,3075.45,2035.83,21.99,28.24,3124.92,2080.79,348815,1839.22,769.11,427.83,243.11,63.61,37.31,2594.33,1132.51,220090,184.73,76.59,219.64,77.04,449.19,174.73,66356,,,1339.37,931.5,1339.37,931.5,167203,2043.52,718.14,220.78,70.43,333.88,176.79,2736.77,996.63,175340,1271.32,336.78,1271.32,336.78,13539,,,,,,,,,,642.66,594.3,643.54,595.41,231619,564.14,347.15,564.14,347.15,61951,391.01,222.24,391.01,222.24,81219,158.25,68.98,158.25,68.98,58410,4938.02,4361.24,438.59,671.79,276.68,454.11,6143.11,6461.87,430082,1165.94,343.28,65.57,15.95,206.28,133.28,1745.26,626.11,165831,5823.41,6832.58,5823.67,6832.63,364311,273.4,172.22,273.4,172.22,38019,775.2,1151.63,,,780.75,1153.33,127136,281.35,116.11,281.35,116.11,117654,567.68,267.43,692.55,318.27,57.11,56.07,1761.66,1002.34,224004,9552.29,8950.11,9552.29,8950.11,155257,259.59,67.34,,,259.59,67.34,41471,0.43,0.22,102.42,37.2,,37.42,15976,2086.56,10.78,4303.59,2344904,8805.43,3556.23,,,9328.97,3738.55,67023,778.73,1631.1,778.73,1631.1,112469,70.81,99.13,71.95,99.4,66921,11.66,22.86,14.72,24.33,162399,49.2,70.1,22.57,134.31,371.26,601.9,194878,144.62,1050.83,92.56,2005.18,3.79,20.58,381.91,4533.04,3567860,144.46,735.19,689.98,11841.1,1.92,30.69,1443.5,19547.26,4060912,20.84,258.77,1.33,19.49,40.88,386.73,2120594,0.21,0.1,142.89,700.93,466287,5.81,3.42,450.88,362.33,111241,,,232.27,7476.43,1674615,,,,,365.49,1396.7,221930,1750.45,15539113.12,1295619,17.41,4.73,307.29,109.24,21690,,,0.61,26.38,267.58,8064.34,3924530,238.02,621.1,40.44,99.04,4.83,17.26,517.63,929.01,278290,21.03,115.38,123.35,566.49,658103,19.91,67.42,83.03,591.7,733153,150.5,126.04,66003,67.12,19.68,1861,22.81,20.72,3148.46,1759.1,70525,2323437948,1977223857,525,12853070766,1220.59,8248.17,223.66,2973.23,8.63,74.24,5.52,71.77,0.37,9.59,,,,453.63,15828.56,21.2,396.52,83.96,1119.44,66.78,3400.75,20.25,550.6,29.78,170.01,13.09,90.64,14.79,154.03,8.54,126.06,19.28,256.06,47.55,727.75,90.44,1028.44,25.78,252.41,26.45,688.33,94.04,1236.6,,,,,4.28,76.86,18.6,201.36,15.44,107.97,10.08,75.23,10.1,49.25,,,0,0,,,32.27,130.73,9.18,31.2,,,,,,,,,,,19.14,21.05,,,,,1.51,13.65,,,,,62.47,669.44,34.94,204.33,0.45,0.74,24.29,24.67,16.68,162.17,140.16,1021.16,2908.92,40903.03,129.07,355.7,315.79,719.07,0.01,0.01,2.09,2.9,9.81,5.09,0.15,0.24,356.51,238.8,1.5,1.48,65.92,107.58,7.42,15.77,24.23,26.11,8.26,9.73,0.4,1.8,22.14,129.97,0.12,0.18,0.05,0,,,2.52,0.99,,,2.84,28.43,20.95,9.38,63.27,94.82,3.63,5.22,1.51,1.71,14.44,7.23,88.22,803.68,11.16,23.82,72.32,423.86,145.65,815.31,23.49,2.44,121.19,162.13,11.52,46.05,1525.3,4039.05,350.37,5154.98,62.82,534.35,344.98,5620.85,,,408.4,7959.17,278.75,2891.67,448.83,7578.84,188.44,3681.55,180.42,4333.66,6.18,85.88,7.92,125.08,,,10.82,420.38,3.9,36.79,,,1.69,11.35,10.13,159.14,9.28,91.49,1.94,27.78,,,2.68,29.17,204.82,2620.41,,,1.58,33.15,0.76,18.97,,,0.86,14.23,22.74,340.81,31.52,225.09,31.54,280.45,57.8,401.13,32.2,238.41,49.25,549.27,4.86,35.12,,,2.12,27.49,,,0.65,2.05,,,,,,,1.28,23.2,,,,,15.41,266.86,22.17,194.03,3.34,31.38,,,3.5,33.37,2.66,45.29,3.49,20.37,1.23,0.7,31.72,20.06,,,143.14,5104.44,0.2,7.19,,,0.47,5.08,7.26,99.31,,,53.93,656.79,15,288.15,1.99,41.31,15.62,287.89,,,3.39,67.44,,,,,11.74,167.35,,,51.15,725.76,2.45,31.83,4.85,56.7,,,,,,,,,6.32,88.92,1.82,11.72,,,,,581.2,4575.72,3710.48,56408.76
2009,22455.96,50617.88,14026.76,27420.11,2646.98,7392.17,40722.76,86785.74,949561,23701.47,71691.51,28164.48,80562.7,956474,3058.56,2565.19,4484.24,3770.68,5.98,8.82,7787.26,6566.63,309925,8532.33,5733.39,12.09,10.02,174.95,397.11,8971.72,6516.67,301400,5469.02,9566.94,723.93,2985.63,314.37,927.58,7563.87,15636.96,878558,1073.87,1481.38,70.86,80.41,8.22,15.17,1235.64,1738.05,172104,,,509.93,1224.25,585.02,1321.91,430031,681.27,255.24,8.58,5.91,,,689.87,261.14,120341,4131.71,3572.78,7261.53,6856.03,344475,2838.43,1934.81,44.77,44.81,3234.64,2253.36,338015,2051.4,722.21,509.18,323.18,58.7,34.37,2878.98,1178.46,207809,228.82,111.07,220.67,97.72,496.97,230.64,83958,,,911.42,740.35,1430.68,1012.41,188480,2264.92,369.08,249.91,77.89,347.82,144.58,3000.77,639.19,174508,1324.84,46.32,1324.84,46.32,8487,2.99,1.07,0.67,0.23,,,3.68,1.31,8023,398.09,476.07,600.38,577.09,245812,434.44,294.55,488.24,334.69,76970,410.33,168.91,410.33,168.91,77042,166.8,78.64,166.8,78.64,55852,4135.48,3074.77,515.91,813.75,218.71,367.47,5490.15,5401.18,404961,1383.92,287.46,78.89,19.9,192.78,154.24,2038.69,630.38,130807,3933.14,4692.87,4702.14,5497.76,332210,271.75,167.69,272.17,167.79,31552,726.99,995.96,,,733.3,997.96,101828,167.51,71.67,274.51,120.25,115847,478.48,156.3,541.45,231.31,40.72,45.55,1425.71,722.3,203825,4237.77,3422.61,9677.6,9841.64,143817,146.43,36.14,,,242.1,57.21,34034,0.61,0.43,99.55,36.22,,36.65,17661,1977.36,7.95,4136.47,2329901,8792.53,3569.09,,,9976.55,3760.42,65508,807.96,1906.68,807.96,1906.68,118588,51.91,70.99,53.94,71.34,70752,4.59,6.58,12.67,9.12,95608,62.8,101.5,85.66,232.16,498.58,837.15,224954,197.31,990.27,80.34,1664.44,16.54,205.09,436.44,4356.27,3687029,46.31,279.69,985.68,27788.1,5.35,76.96,1269.75,30891.19,4572814,16.8,227.96,,,35.61,327.45,1774665,0.21,0.06,130.36,644.94,445422,6.56,3.7,452.89,386.85,113986,,,208.91,6784.81,1714616,,,,,369.78,1439.4,189150,1762.75,15968481.72,1322737,0.92,0.4,198.7,76.87,14754,5.09,181.51,1.27,56.03,161.43,5047.52,3037950,182.5,533.6,48.12,101.5,4.99,16.96,407.24,803.31,265171,27.45,151.26,125.98,629.59,642148,22.09,67.12,61.81,333.23,667412,104.99,63.3,52915,57.61,6.94,980,30.85,25.01,4604.35,1630.06,58391,2601901489,2218189033,529,14019394018,1596.9,10613.84,325.27,3802.85,49.69,537.7,5.87,76.85,,,1.29,2.04,,574.85,20283.56,45.71,921.98,142.81,1647.54,78.32,3749.18,24.73,639.59,66.18,412.94,22.82,155.12,22.67,207.19,8.3,132.16,20.59,275.56,48.29,715.13,107.34,1387.66,76.64,764.94,32.07,832.55,111.96,1356.77,38.94,310.61,2.32,3.43,5.53,87.54,25.87,210.26,16.68,123.51,15.48,80.5,18.53,57.91,0.32,0.86,0.01,0.01,0.05,0.45,131.96,394.14,12.37,32.49,0.46,0.42,5.62,1.34,0.41,0.2,0.05,0,0.12,0.17,23.91,22.04,0.79,0.17,0.06,0.17,1.54,17.86,,,,,64.53,643.44,34.69,202.6,2.02,4.04,160.74,208.31,43.87,224.41,177.07,1374.86,4198.26,53413.92,226.67,598.94,294.07,640.87,0,0,2.12,3.78,8.74,5.68,0.14,0.23,311.77,221.91,1.54,1.51,43.88,77.18,7.52,12.4,19.84,21.77,8.54,10.45,0.46,2.16,42.79,196.21,0.79,0.77,0.04,0,,,1.98,0.7,0.21,0.34,2.47,24.67,27.02,11.79,63.46,95.78,3.24,4.47,1.26,1.59,15.33,7.67,121.04,1330.86,11.25,24.13,70.35,440.03,201.17,1324.92,26.44,3.72,202.21,173.78,20.87,85.03,1736.45,5322.71,668.14,11426.59,67.05,594.8,580.19,9278.54,,,497.19,9988.1,355.95,3872.39,528.4,9364.8,264.34,5064.3,229.12,5321.85,12.57,118.98,8.48,139.55,,,11.61,462.06,14.73,111.89,0.17,1.19,38.43,518.71,43.14,834.25,21.26,193.35,2.06,27,,,2.76,32.69,214.13,2771.7,5.91,62.99,2.01,44.02,0.78,18.21,25.84,387.29,0.62,8.44,,,47.27,348.5,33.66,346.93,73.87,483.67,35.83,280.83,42.35,515.93,4.9,34.3,,,1.87,24.47,,,0.45,1.32,,,,,,,1.4,25.44,,,,,22.56,345.65,24.21,215.71,4.16,36.15,2.67,29.47,4.09,37.93,2.91,49.2,3.63,22.51,0.84,,21.44,,,,136.07,4431.28,0.28,10.1,,,1.47,15.6,7.26,101.24,,,72,972.23,22.05,397.1,2.06,44.46,15.62,290.16,,,4.4,90.82,2.42,10.86,0.07,0.68,11.41,161.62,0.51,23.62,99.7,1104.15,2.99,42.76,5.63,55.82,,,,,,,,,6.84,79.87,4.2,526.4,,,,,636.17,5289.72,4930.38,77109.14
2010,25629.93,58046.01,12699.65,27274.51,2691.8,8223.68,41021.26,93544.12,982000,29813.13,92940.64,29815.97,92944.81,1047668,2862.21,3249.59,4241.36,3341.06,5.46,11.41,7108.98,6602.04,311286,9206.54,11309.23,16.17,17.41,384,942.66,9606.68,12269.29,297203,6620.29,16155.99,928.58,4242.61,341.43,1160.21,7890.18,21558.71,1008315,1164.11,1960.77,89.44,106.55,9.02,17.25,1262.53,2084.57,183479,,,675.76,1682.02,675.76,1682.02,478759,569.69,212.38,4480.02,4753.18,,,5049.68,4965.55,131901,8861.27,7672.91,8861.27,7672.91,364740,4254.97,2680.07,27.94,29.04,4282.9,2709.1,342608,2489.52,1346.11,550.66,280.7,76.33,45.79,3116.36,1672.6,244392,234.66,115.83,235.26,116.58,470.25,232.46,91625,,,1616.11,897.33,1616.11,897.33,174144,2808.61,1484,226.66,72.1,468.5,234.35,3503.66,1790.47,225454,1621.54,788.73,1621.54,788.73,23050,73.06,36.93,27.77,7.3,,,100.8,44.23,19044,648.26,526.72,654.99,576.83,409041,512.15,357.1,512.15,357.1,75837,399.15,229.46,399.15,229.46,94061,186.47,92.57,186.47,92.57,52043,5063.26,6868.91,477.76,764.16,405.18,671.36,5946.2,8304.43,488197,1375.3,482.77,84.99,22.31,263.47,207.28,2132.38,915.54,185811,5440.19,7487.71,5440.19,7487.71,403960,242.76,152.31,242.83,152.37,41356,889,1374.42,,,889,1374.42,124052,251.23,98.08,251.23,98.08,120922,286.23,159.04,349.44,213.6,32.51,37.6,893.51,566.39,198433,9528.66,12279.61,9528.66,12279.61,202806,240.96,57.03,,,240.96,57.03,35141,102.43,37.17,1197.96,486.86,,524.04,28259,2124.89,13.15,4785.32,2348002,10792.73,4887.87,129.13,27.98,10921.86,4915.85,71260,762.14,1693.84,762.14,1693.84,115976,54.89,80.85,57.17,81.41,86249,2.78,3.52,8.96,11.62,111802,59.9,104.5,113.93,307.54,481.55,869.42,207924,168.78,1393.3,46,665.71,4.69,49.79,411.76,5497.33,3868593,47.72,382.89,1002.18,27309.89,3.89,51.88,1311.1,30817.2,4494254,16.8,206.68,,,34.05,290.44,1344950,,,104.25,560.08,320577,0.15,0.04,401.45,304.42,65086,,,90.21,2523.3,702599,,,68.96,68.58,380.49,2453.08,256289,1363.51,11242941.6,955006,,,247.82,89.02,18764,,,3.16,134.47,279.52,9204.54,4809939,210.89,406.6,31.54,70.3,4.17,18.5,410.76,630.73,287408,23.97,138.73,100.96,532.98,522301,24.36,108.72,56.31,505.36,792518,117.56,58.05,63500,59.47,8.63,1429,18.48,13.74,4675.64,2334.02,58920,3291789964,2759418101,529,15167812731,1624.91,11099.44,213.96,2257.91,56.98,739.89,6.7,98.73,0.07,2.1,1.6,3.51,0.3,574.63,21605.23,107.25,2467,147.88,1775.17,82.51,3766.51,32.32,827.05,69.12,440,35.12,233.48,33.44,264.07,8.53,152.13,31.56,385.25,48.79,725.28,123.9,1374.28,118.37,1330.4,32.76,822.44,105.08,1275.45,38.84,315.55,2.29,3.47,3.38,40.75,26.66,236.38,16.84,124.97,15.66,85.5,18.67,62.75,0.48,2.35,0.01,0.03,0.05,0.47,134.52,1028.01,12.49,35.4,0.49,1.04,5.6,1.79,0.41,0.34,0.05,0,0.11,0.12,24.12,23.36,0.82,0.2,0.06,0.16,2.5,21.34,0.06,0,,,83.93,804.51,35.53,212.46,7.21,12.59,167.61,198.14,48.62,102170.9,179.37,1425.3,4343.2,159494.43,162.27,559.43,562.03,1473.37,0.01,0.01,2.32,5.78,46.19,29.33,0.14,0.24,623.58,334.29,1.54,1.51,80.88,124.75,88.81,112.57,16.88,20.01,21.77,28.83,0.39,1.84,20.9,125.07,0.14,0.15,0.04,0,,,1.57,0.56,,,7.7,77.03,23.96,13.21,63.62,96.22,3.3,4.63,1.26,1.59,8.1,4.05,116.35,1142.69,11.43,24.6,107.9,674.53,381.98,2396.56,22.7,3.48,312.27,385.24,12.97,44.45,2702.3,7685.71,733.13,13386.42,60.81,555.53,858.76,13660.5,,,801.3,15561.02,436.12,4969.35,621.76,10594.65,308.7,5684.21,315.72,6842.89,7.77,112.07,9.9,151.84,,,12.75,515.74,25.55,140.23,0.11,0.64,39.09,528.76,70.33,1200.03,43.94,330.46,3.09,18.46,6.75,15.45,2.86,32.21,298.42,3575.53,6.46,69.49,2.34,51.91,0.93,23.99,,,0.61,6.21,,,53.14,547.8,35,380.18,100.7,681.41,39.74,340.16,55.21,555.48,5.18,38.12,,,1.45,18.93,,,0.52,2.07,,,,,,,1.49,20.22,2.66,7.98,,,33.69,487.62,39.32,325.27,7.97,41.68,0.02,0.16,7.26,44.77,3.07,50.99,3.87,27.15,0.86,0.48,25.41,14.4,,,123.65,3954.93,0.38,15.42,,,2,20.41,8.28,106.22,,,83.42,1159.44,56.45,782.93,1.96,45.19,17.55,354.82,,,3.63,71.32,2.01,6.02,0.77,1.45,13.68,202.6,0.73,32.24,128.87,1390.48,2.13,32.09,8.41,59.34,,3.54,,30.89,5.25,62.98,,,7.33,88.52,1.9,11.79,,,,,848.31,7465.94,6376.11,97529.84
2011,25905.87,63439.6,13150.5,30001.92,2398.75,7348.14,41455,100789.63,1105782,29788.15,102507.17,29789.64,102509.57,1157489,2553.77,3195.61,3563.45,2511.87,10.52,19.26,6127.76,5726.65,327236,8316.9,11218.43,27.94,58.67,435.69,1098.03,8780.56,12375.13,376827,6720.9,15166.22,1042.18,4926.24,351.1,1271.19,8114.07,21363.53,1066672,1073.98,1666.3,87.86,121.75,7.74,14.73,1169.53,1802.8,216291,76.88,128.61,546.84,1467.43,623.72,1596.04,538534,619.59,278.61,12.81,7.07,,,662.56,322.11,139786,7757.56,6976.68,7766.14,6982.2,399306,3697.82,2398.44,22.14,31.09,3755.91,2460.86,379435,2180.25,1112.96,634.95,394.09,61.23,38.41,3184.64,1724.31,240618,160.46,75.32,184.77,79.17,414.28,191.72,88693,,,1479.72,1005.73,1479.72,1005.73,212676,2523.91,1203.83,205.11,101.31,415.46,211.49,3308.54,1601.73,223337,1366.38,470.47,1366.38,470.47,16276,72.82,37.07,35.87,19.61,,,108.71,56.67,24772,636.88,621.67,643.93,670.97,416397,499.51,366,499.51,366,83570,333.78,209.39,333.78,209.39,104634,176.04,85.86,176.04,85.86,86976,4304.1,5092.08,564.65,1133.4,406.75,749.97,5275.46,6975.36,506460,1220.81,398.24,60.38,16.29,256.16,202.04,1908.69,814.99,193187,5386.09,6293.02,5386.09,6293.02,402347,197.13,113.21,197.4,113.43,34617,1452.62,2306.09,,,1458.83,2307.94,121583,234.65,112.21,234.65,112.21,132220,245.79,117.62,243.35,122.48,27.67,30.2,687.98,418.5,208448,10174.55,12402.3,10174.55,12402.3,185953,230.08,53.37,31.84,4.78,261.92,58.15,33715,49.23,1050.82,72.5,31.38,,1120.3,209405,2162.46,14.51,4775.77,2348691,12144.71,4954.02,100.26,23.4,12244.93,4977.48,75904,798.48,1817.19,798.48,1817.19,111259,57.8,92.27,58.63,92.44,74157,6.26,7.64,8.66,11.21,134774,62.6,117.5,119.06,284.36,460.52,823.1,224052,176.15,1228.88,110.14,2703.82,25.98,422.96,495.9,6698.43,4278353,47.31,405.83,1003.6,22605.82,3.19,40.34,1348.76,27159.58,4792261,17.41,226.1,,,36.34,340.83,1938937,0.19,0.1,198.27,1043.57,591650,6.67,3.65,463.32,418.91,117787,,,197.4,6680.51,1909023,,,68.71,60.05,396.5,1948.47,236126,1837.98,18527030.71,1388991,,,287.42,116.51,25989,,,1.98,93.6,294.88,9670.92,5099680,197.77,452.37,25.18,64.58,5.74,15.58,490.99,773.38,321456,19.63,114.54,108.15,556.77,607351,25.52,105.5,62.93,777.35,855771,119.33,63.1,70996,56.26,8.99,1302,37.63,30.45,4384.56,2593.35,70707,4001670260,3461481699,531,20297283130,1664.51,11784.59,217.87,1911.85,53.93,542.32,6.94,107.78,0.1,3.06,1.59,2.44,0.29,593.91,22136.27,115.56,1324.38,152.25,1806.07,85.88,4030.25,30.74,783.78,70.16,457.45,18.16,130.37,24.45,195.37,8.87,157.71,25.28,318.8,50.02,718.36,125.76,1377.72,95.29,1139.25,33.42,858.73,109.23,1310.58,38.16,313.21,2.23,3.54,3.68,48.34,26.8,215.97,16.89,125.36,15.88,82.9,18.79,59.12,0.45,1.73,0.01,0.06,0.05,0.28,137.39,397.72,12.6,34.72,0.51,0.43,5.56,1.07,0.41,0.19,0.05,0.01,0.11,0.16,24.27,23.07,0.88,0.36,0.06,0.15,1.2,14.6,0.05,0,,,85.71,908.35,36.07,216.75,5.32,8.51,27.95,34.21,21.72,224.2,165.81,1396.43,4195.02,56266.82,203.57,727.3,553.63,1512.87,0.01,0.01,2.7,7.88,54.55,36.67,0.13,0.19,841.85,461.09,1.55,1.5,99.59,143.09,90.83,105.8,19.4,24.27,16.6,21.14,0.36,1.65,18.71,106.5,0.13,0.09,0.04,0.08,,,1.07,0.41,,,7.86,78.57,25.12,9.41,64.04,96.3,3.89,5.27,1.25,1.6,8.99,4.5,113.44,1231.85,11.53,24.86,141.03,754.01,411.08,2571.42,22.91,3.05,384.19,504.38,64.07,805.51,3163.6,9240.57,768.78,14553.56,58.56,538.74,786.24,13417.39,,,789.13,15900.15,444.81,5222.24,620.35,11393.48,311.71,5901.66,312.07,7028.41,7.79,113.24,10.08,150.66,,,12.95,534.19,16.1,122.87,,,39.51,552.68,65.66,1178.07,33.69,330.85,1.94,29.81,5.58,15.02,2.84,32.13,303.56,3870.52,6.94,100.26,2.46,55.98,0.69,20.06,,,0.59,9.55,,,54.45,611.62,36.17,421.57,101.78,714.43,45.85,386.76,55.86,574.2,5.44,40.06,,,1.18,15.56,,,1.81,7.24,,,,,,,2.1,32.91,2.17,6.1,,,24.97,428.52,41.13,385.52,5.45,34.21,,,3.64,36.43,3.04,50.37,3.97,32.82,1.08,0.83,34.6,25.32,,,109.5,4043.29,0.38,17.64,,,2.17,23.08,8.41,111.15,,,111.64,1541.5,43.58,806.56,2.11,48.58,18.76,383.41,,,3.46,68.05,,,,,13.42,200.45,0.79,36.93,92.84,1077.78,2.04,31.68,5.23,60.83,,4.41,,37.34,6.97,95.25,,,7.55,99.73,1.97,12.36,,,,,657.35,6595.76,6082.87,100198.42
2012,25107.57,62894.42,14525.19,35242.2,10682.18,7370.54,50314.87,105507.01,1142897,29818.93,99439.19,29819.98,99441.14,1106745,2419.53,2918.91,3715.25,2436.13,8.35,13.77,6143.28,5368.95,310314,6960.64,8051.52,7,11,265,698.1,7232.64,8760.62,316043,6775.43,16757.92,1019.83,4257.77,321.49,1446.91,8116.94,22462.63,1089860,1011.13,1441.23,81.19,90.13,5.37,7.94,1097.82,1539.39,180354,80.7,108.58,594.27,1701.75,674.97,1810.33,512592,565.44,286.45,23.34,9.43,0.06,0.07,588.91,296.02,120725,7939.25,8173.11,7939.25,8173.11,431623,3503.78,2783.15,20.28,31.82,3525.24,2816.86,427499,2400.51,1290.28,540.58,390.69,53.74,35.8,2995.06,1716.83,239097,217.08,93.64,212.84,85.87,430.13,179.53,85328,,,1326.6,1056.2,1326.6,1056.2,233978,1919.29,750.32,263.19,127.99,388.16,202.26,2570.64,1080.61,223053,878.67,241.87,878.67,241.87,18498,69.83,19.78,25.2,19.41,6.93,2.49,103.04,41.67,19611,605.72,666.71,607.83,671.73,266935,479.03,319.28,479.03,319.28,88965,261.21,135.07,261.21,135.07,98229,162.59,71.3,162.59,71.3,60549,4040.83,3570.84,319.81,607.17,395.05,567.43,4756.42,4746.44,543850,1039,280.19,58.65,19.89,200.77,375.52,1620.59,837.61,327498,5824.41,7770.1,5826.63,7770.77,408299,154.98,89.04,154.98,89.04,30385,1229.09,1955.23,,,1229.09,1955.23,114684,218.19,109.42,218.62,109.62,119700,289.84,165.63,471.98,290.3,26.82,25.82,788.67,481.78,163278,10619.11,14948.43,10619.2,14948.58,207193,206.8,58.01,8.28,5.81,215.08,63.82,34823,0.1,0.02,121.83,59.75,,59.77,24974,2211.73,14.54,4966.57,2518315,11825.85,4321.68,48.41,10.73,11876.07,4333.33,69621,766.87,1539.78,766.87,1539.78,84188,46.87,47.15,47.58,47.29,45844,7.51,10.74,9.92,11.71,135982,43.9,77.2,103.35,261.42,412.32,715.13,182436,92.72,809.63,55.4,1095.38,18.25,209.91,303.4,4138.2,4002544,44.92,258.75,1006.96,25571.24,3.18,45.25,1326.01,29954.94,4855761,16.95,218.88,0.66,6.29,35.96,355.51,1737221,18.32,151.56,62.39,280.21,454320,14.38,8.16,318.54,282.03,93544,11.62,213.95,85.97,2713.21,857343,0.58,0.36,67.37,88.99,391.08,1984.05,213847,1388.66,12318121,975021,22.49,8.23,246.54,100.72,21115,,,1.21,54.46,277.44,9211.68,5265923,155.25,458.12,31.45,73.62,4.88,12.6,392.88,708.1,327962,18.99,98.41,141.11,689.34,680051,20.49,98.97,64.49,973.44,782061,126.23,99.91,68875,50.4,9.91,1942,26.86,21.84,4588.47,2137.19,93265,4991292536,4361914748,537,23793131889,1563.75,11424.22,348.49,3575.14,40.02,239.67,7.18,111.97,0.07,2.19,1.66,3.39,0.26,575.29,20992.85,58.17,1236.33,119.08,1484.26,87.43,4496.44,29.37,728.11,40.27,239.14,18.7,130.64,22.92,178.75,8.43,149.94,24.58,346.78,49.88,723.15,111.04,1325.88,76.93,779.01,29.02,733.62,93.55,1190.35,23.72,101.08,2.25,3.06,7.12,114.63,27.24,230.91,17.17,138.18,16,89.01,18.83,57.79,0.51,2.71,0.01,0.05,0.06,0.34,140.34,503.9,12.64,35.23,0.47,0.41,5.49,1.14,0.39,0.2,0.05,0.02,0.11,0.55,23.83,22.91,0.88,0.2,0.06,0.13,1.28,8.56,0.05,0,,,87.42,928.89,36.52,217.08,1.16,1.86,29.61,37.28,22.56,229.77,346.88,1915.54,4197.24,55940.2,131.1,378.17,415.5,1480.95,0,0,3.16,10.24,38.52,25.81,0.15,0.21,868.31,514.57,1.53,1.51,55.66,94.78,74.47,93.95,15.76,23.92,16.97,21.61,0.36,1.76,19.26,107.72,0.21,0.08,0.04,0,,,1.1,4.22,,,7.7,77.03,26.82,11.02,64.31,97.5,3.8,5.62,1.24,1.59,12.05,2.17,93.39,979.71,11.62,25.06,104.64,572.98,256.99,1578.63,23.12,3.22,266.42,411.98,13.67,48.33,2527.02,6573.66,462.8,8475.76,56.85,520.85,503.58,7535.28,,,692.8,13773.75,376.93,4191.93,570.12,10306.55,267.12,5039.77,255.87,6061.44,7.37,106.88,11.02,163.81,,,13.71,565.48,6.28,58.66,,,2.49,19.83,36.36,484.63,24.04,266.79,1.98,29.72,4.59,13.21,2.86,34.56,313.69,4177.07,2.05,28.95,1.8,39.87,0.92,20.37,,,0.95,15.41,,,39.77,490.71,35.74,421.99,91.63,660.67,48.54,413.39,56.03,568.27,5.34,38.73,,,0.96,12.59,11.35,136.16,0.94,3.74,,,,,,,2.27,38.06,1.52,4.59,,,21.45,367.68,42.95,377.78,5.2,36.48,,,3.79,38.75,2.96,48.18,4.22,35.19,0.99,0.63,35.16,19.23,,,98.7,3112.84,0.46,21.56,,,0.9,7.2,8.47,116.12,0.51,11.16,101.52,1326.23,39.16,580.37,,,19.57,400.77,,,3.8,74.91,,,,,13.64,203.89,,,54.24,601.53,2.07,34.14,5.54,61.03,,2.95,,16.86,1.58,6.22,0.48,6.7,9.34,118.29,2.04,13.23,,,,,666.35,7693.53,5021.24,80082.24
2013,26143.73,67033.24,14485.43,34450.84,2499.29,8107.24,43128.29,109591.16,1204199,31315.42,102480.73,31316.09,102481.82,1132085,2502.19,2692,4032.78,3557.03,4.46,7.26,6544.65,6259.76,332961,7451.83,9005.83,35.33,60.9,308.62,862.07,7795.9,9928.98,374922,6781.55,18335.3,1289.35,6126.03,369.35,1432.52,8440.06,25893.85,1261057,1045.85,1814.5,111.25,210.5,7.57,14.55,1164.73,2039.66,204704,83.56,146.92,573.8,1657.18,657.36,1804.1,537126,527.12,321.1,9.03,6.33,0.05,0.08,568.65,362.71,140211,9069.83,7703.92,9078.83,7709.82,368832,3425.83,2893.44,43.94,61.27,3530.3,3013.8,405664,2116.22,1005.41,693.7,523.47,49.42,28.26,2859.64,1557.28,243007,165.09,83.87,243.33,127.2,408.5,211.12,98789,,,1246.36,958.61,1246.36,958.61,233654,2214.62,904.99,538.09,307.58,377.25,213.18,3129.82,1425.77,241311,958.64,282.48,958.66,282.49,16866,69.62,26.64,26.29,17.87,8.02,3.14,104.68,47.66,25103,668.59,637.47,669.94,640.21,308058,455.99,308.87,455.99,308.87,82055,291.98,155.73,301.75,168.41,105073,165.22,87.78,165.22,87.78,98851,4631.7,8594.54,417.55,993.16,432.68,627.54,5482.67,10216.1,537158,938.94,250.48,107.42,43.68,294.3,236.71,1610.56,647.38,174587,5922.49,7195.65,5925.19,7196.43,393901,180.19,124.51,180.19,124.51,42822,988.27,1754.15,2.67,1.94,990.95,1756.08,137703,195.9,98.62,196.38,98.85,117123,255.69,169.23,367.06,255.12,26.01,27.33,648.84,451.74,192301,11906.87,10814.31,11906.99,10814.46,174954,197.78,59.84,8.79,4.48,206.57,64.32,44075,110.26,1309.57,842.61,1060.65,,2370.23,242316,2311.53,14.24,4953.13,2631123,11839.07,5907.77,114.62,42,11955.74,5951.09,83122,744.39,1868.37,744.39,1868.37,118418,39.61,80.47,40.09,80.76,88159,8.83,12.61,14.85,13.18,133616,45.83,96.11,251.89,562.34,438.34,804.95,248832,146.81,1321.15,136.65,3117.89,29.27,524.62,466.81,7249.96,4754871,52.13,432.67,1052.21,21701.42,3.03,37.53,1388.61,26432.3,4701635,16.36,215.4,0.62,6.06,36.26,369.06,1863703,67.71,403.81,137.12,618.48,573375,14.87,8.44,357.1,226.5,97691,10.59,194.97,165.59,5202.12,1786232,0.47,0.26,68.05,57,393.22,2594.23,276295,1818,16141602.71,1225447,54.67,15.92,225.42,79.73,23543,71.88,2381.52,1.55,72.88,325.03,12878.9,5248548,203.06,502.52,49.82,87.75,5.25,15.24,443.34,748,282752,13.85,65.53,86.86,368.61,588325,24.25,101.47,64.11,956.72,851162,132.36,159.72,64012,59.8,10.73,1779,10.23,8.46,707.41,438.97,45716,6139336452,5452575389,546,28495023268,1653.06,13442.6,263.04,3515.8,54.56,603.76,105.52,761.43,0.05,1.91,1.66,3.53,0.27,529.37,20591.85,95.28,2923.24,166.47,2283.78,84.56,4442.4,30.96,963.92,45.1,286.56,23.19,143.08,55.65,532.48,8.4,166.46,23.7,283.06,46.34,603.73,88.69,1009.3,159.8,1907.27,28.81,633.8,87.07,1014.76,10.58,5.65,2.34,3.35,23.23,535.64,27.09,222.33,17.64,152.99,16.09,83.15,18.84,57.19,0.26,0.94,0,0,0.06,0.56,141.6,716.68,12.69,36.68,0.46,0.21,5.4,0.72,0.41,0.59,0.04,0.01,0.11,0.26,23.82,23,0.87,0.12,0.06,0.09,0.11,0.41,0.12,0.01,,,88.03,952.63,46.63,267.55,1.3,2.07,36.03,48.68,23.17,218.28,213.17,1637.84,4339.91,62567.78,125.37,356.43,374,1067.9,,,3.18,12.72,36.09,22.92,0.14,0.19,943.72,598.48,1.52,1.51,39.05,61.03,64.1,80.35,8.1,9.26,7.4,9.01,,,4.92,37.89,,,,,,,,,,,8.56,85.52,0.19,0.29,64.57,98.22,3.77,6.13,1.25,1.59,13.84,2.48,71.72,773.94,11.71,25.31,176.99,940.57,254.44,1544.69,2.99,0.84,302.58,328.49,15.16,49.91,2534.81,6115.08,973,19819.04,69.83,712.7,803.26,13238.64,,,713.33,14031.76,385.25,4506.16,558.87,10382.28,247.2,4869.75,218.37,5320.43,4.11,54.24,11.77,264.14,,,13.34,714.59,2.57,30.88,,,1.89,16,47.24,702.21,28.33,312.59,0.91,18.52,4.63,11.7,2.43,29.81,313.02,4119.89,3.33,59.65,0.35,8.22,,,,,,,,,40.75,477.75,217.01,2305.71,92.85,646.46,45.18,435.62,48.74,508.59,5.34,38.81,,,1.3,19.09,10.27,231.28,1.32,5.92,,,,,,,,,1.83,5.42,,,18.84,326.63,38.84,427.51,1.47,5.68,,,,,,,2.89,33.93,0.57,0.41,20.8,14.13,,,104.94,2893.16,,,,,0.86,8.57,7.76,101.69,0.55,12.38,103.48,1456.51,39,595.24,,,20.53,421.78,,,1.29,39.31,,,,,14.11,212.47,,,42.67,208.74,2.25,39.51,4,29.85,,3.01,,18.4,2.01,9.15,0.73,11.53,9.79,127.45,,,,,,,729.63,9575.88,6014.71,100485.93
2014,25867.7,67428.96,14013.53,36747.52,2529.72,8083.15,42410.79,112259.61,1244397,31131.91,84849.1,31132.31,84849.74,984114,2246.55,2433.13,3889.36,3298.07,3.54,7.48,6144.56,5743,351389,7019.98,8600.6,37.28,92.71,274.22,718.4,7331.43,9411.6,404379,6930.55,17040.63,1239.62,5879.12,363.21,1249.41,8533.12,24169.09,1274041,1052.95,1804.2,104.75,215.43,7.64,13.4,1165.41,2033.11,226519,42,56,618.09,1480.47,660.09,1536.47,408220,457.32,263.25,35.58,93.16,0.05,0.05,492.96,356.5,1080649,8025.03,6900.26,8025.03,6900.26,358852,3437.63,2014.18,37.38,49.73,3476.49,2065.79,346991,2286.68,1165.44,746.23,658.08,47.96,25.63,3081.11,1849.07,257162,162.46,82.76,269.03,144.06,431.68,226.82,97708,72.39,90.93,1271.62,879.13,1344.01,970.06,212739,1897.34,799.18,504.35,347.4,447.38,232.7,2849.1,1379.22,230349,879.85,345.79,879.85,345.79,18556,61.09,27.58,27.74,22.67,7.24,2.67,97.07,52.84,28213,745.7,708.76,747.84,713.83,319419,431.93,399.05,431.93,399.05,67943,242.67,144.38,242.67,144.38,103190,147.81,70.77,147.81,70.77,77417,3954.4,5533.14,357.86,904.41,386.41,533.21,4699.06,6971.38,510795,947.98,325.99,144.8,67.5,279.83,234.55,1713.72,807.14,170947,5299.37,5892.92,5301.41,5893.36,355427,132.58,69.28,132.66,69.32,35210,1051.22,1844.72,2.75,1.43,1053.99,1846.17,132156,183.69,99.89,184.05,100.06,106018,213.84,121.06,306.59,209.74,20.92,21,541.43,351.77,179991,10858.66,9729.73,10858.97,9730.19,163559,144.14,42.4,7.38,2.38,151.52,44.78,31835,64.61,1399.91,532.42,712.81,,2112.72,274657,2266.47,10.05,5112.7,2622688,12696.75,4689.24,119.81,51.24,12818.78,4741.24,77704,733.64,1869.35,733.64,1869.35,116102,37.65,68.99,38.13,69.3,90505,5.5,5.67,5.82,5.75,56886,52.94,103.4,286.54,705.32,466.64,931.15,200700,212.38,1577.44,95.78,1809.9,25.24,431.91,414.72,4933.57,3631549,51.37,417.13,1044.33,27460.25,3.01,37.04,1330.41,31755.14,4551834,16.96,209.74,0.77,8.17,31.66,344.32,1625937,60.27,359.6,122.49,573.82,551744,47.06,24.1,314.99,234.06,82584,10.73,210.57,178.26,6042.93,1856760,0.48,0.34,,,339.66,2316.6,243083,1811.9,17477259.1,1371945,85.96,24.78,209.9,81.96,16529,,,0.98,43.55,267.1,9492.99,5072806,191.35,512.28,37.82,87.43,5.37,12.05,496,886.16,359515,20.03,97.89,115.48,504.42,719881,18.91,117.53,57.26,737.55,802557,137.33,227.22,73019,60.59,10.38,1352,7.79,6.47,718.7,491.28,49185,7602400614,6653755355,550,32038143383,2005.41,17005.79,110.94,1702.29,185.22,3019.72,113.65,1007.06,,2.97,1.74,2.82,1.34,646.47,24257.72,114.59,2496.95,203.41,2796.95,84.45,4045.82,82.95,2126.38,78.18,479.51,27.86,189.56,57.58,556.76,9.7,171.79,32.33,345.92,64.59,1051.3,104.62,1262.03,177.29,2134.25,38.27,951.54,130.56,1272.29,37.45,269.16,2.4,3.83,42.05,856.71,27.45,241.76,17.88,164.3,16.47,91.28,19.08,68.57,0.38,1.15,8.83,48.63,0.27,2.64,144.24,883.23,12.85,36.62,0.46,0.61,5.24,0.92,0.42,0.94,0.04,0.02,0.13,0.36,23.78,24.49,0.89,0.19,0.06,0.04,1.57,16.69,0.1,0.01,,,61.27,764.49,51.14,454.68,,,36.24,50.72,39.07,6926.28,159.68,1172.63,5077.12,80986.01,121.24,337.23,273.4,925.33,0,0,3.37,13.48,28.1,23.27,0.16,0.22,701.46,372.3,1.52,1.53,47.57,79.46,92.28,104.2,9.4,11.65,7.8,10.53,0.36,1.65,20.92,111.01,0.19,0.1,0.04,0,,,0.57,0.18,,,5.92,146.88,46.56,13.72,64.78,98.47,3.81,5.97,1.25,1.6,,,105.7,1163.6,11.84,25.56,145.45,715.71,184.7,1231.56,22.25,3.68,459.05,513.04,135.39,471.98,2494.46,6383.39,1413.97,28971.42,97.15,1020.31,1044.8,16974.98,,,624.49,13653.84,419.58,4667.04,565.7,10504.76,324.67,6055.63,275.24,6353.49,7.89,119.67,46.05,1079.52,0.12,12.65,16.8,827.36,20.69,244.01,,,2.01,17.19,109.05,1681.13,55.05,598.5,2.42,40.54,4.85,13.05,5.04,88.4,255.12,3533.08,10.21,139,2.66,65.15,1.01,25.91,,,24.36,176.58,,,63.3,765.45,268.13,2982.28,90.77,642.75,49.57,486.19,99.09,779.68,5.93,40.18,5.83,63.89,1.39,20.43,5.67,128.23,1.02,4.57,,,,,,,2.69,38.27,1.81,4.13,,,35.9,532.17,84.21,885.38,5.36,42.03,,,4.46,47.78,2.96,48.25,2.88,25.2,0.48,18.14,17.26,509.43,,,109.43,3154.33,0.45,17.49,,,21.27,384.83,7.19,100.61,0.66,16.33,135.74,1753.03,53.2,775.66,,,22.27,486.45,21.41,259.37,4.35,94.31,,,,,14.33,217.14,,,156.71,1638.55,2.42,55.27,10.41,98.84,,3.01,,18.4,2.53,10.42,0.77,12.65,10.35,140.94,2.21,14.05,,,,,678.9,9217.9,7333.05,123390.46
2015,24365.9,56447.84,13829.6,30551.63,2284.2,7157.08,40479.43,94156.4,1022063,27457.17,82468,27457.53,82468.49,976885,2070.81,1664.49,3930.57,2112.86,5.21,10.29,6012.1,3792,285168,6506.05,6453.2,23.82,48.97,247.29,650.68,6777.16,7152.82,309875,6556.28,15171.52,1183.49,5109.08,389.62,1264.42,8129.29,21544.94,1185229,1015.85,1634.84,93.72,167.39,7.36,12.32,1116.93,1814.5,194353,75,191,441.6,1139.71,516.6,1330.71,395984,461.34,290.57,39.16,33.78,12.41,9.93,512.95,334.27,149217,8162.32,6668.46,8162.32,6668.46,338101,3545.56,2067.08,36.2,38.81,3595.37,2112.62,328827,2577.97,1087.52,917.62,707.77,61.63,34.48,3557.67,1829.7,259088,171.41,76.83,240.06,115.7,411.82,192.56,88955,59.02,60.01,1266.1,1138.51,1325.12,1198.52,233603,2648.45,933.47,469.6,262.89,505.68,242.94,3623.58,1439.29,207708,1106.62,306.85,1106.64,306.86,17414,80.99,38.92,24.81,27.52,8.04,2.4,115.07,68.83,35685,844.91,762.96,847.28,768.53,313486,393.81,282.08,393.81,282.08,56902,384.36,226.53,384.36,226.53,116119,146.05,116.95,146.05,116.95,84955,3807.22,4966.39,349.24,828.13,398.01,512.29,4554.49,6306.75,477635,1239.76,403.89,77.79,32.99,240.29,216.11,1924.68,803.92,164761,4915.67,5701.49,4917.29,5701.85,333391,122.61,36.9,123.09,37.33,23277,1028.84,1733.97,2.43,1.44,1031.24,1735.42,116370,171.22,79.88,171.48,80,87215,163.37,72.77,270.88,120.71,13.78,13.77,448.01,207.23,170424,11562.83,7116.46,11563.29,7116.98,126645,141.57,36.89,6.68,2.58,148.25,39.47,31039,3.93,83.27,35.16,14.4,0.31,98.03,76872,2203.83,8.95,4335.7,2120746,11423.79,3524.1,90.95,34.61,11515.89,3559.19,56623,712.1,1673.5,712.1,1673.5,117715,36.68,86.03,37.47,86.22,97795,6.04,5.89,6.16,5.91,59887,64.79,122.2,266.89,634.26,362.04,807.19,196740,228.71,1559.84,120.7,2230.1,30.16,500.67,482.76,5854.24,3253249,50.38,335.78,1177.47,24733.21,2.92,37.01,1458.19,28802.85,3965352,14.23,170.92,0.54,6.8,27.68,292.86,1559148,59.74,305.38,124.7,518.23,374578,33.95,13.4,264.79,249.84,76171,8.58,111.28,99.37,2517.51,1273520,0.52,1.79,66.76,73.89,322.11,2517.75,255996,1026.23,4064834.47,489504,101.85,27.23,207.83,85.04,19605,,,0.88,38.29,270.14,7825.27,4556346,176.9,403.99,32.07,80.75,4.13,8.64,476.2,791.33,358946,15.56,65.8,114.52,422.11,637695,19.95,106.74,50.38,404.76,689831,135.65,162.04,71130,54.49,10.03,4115,25.68,21.16,3213.79,3176.82,303129,8043573459,7270409743,532,34405154966,2074.02,17466.55,116.76,1752.3,154.97,2133.79,115.81,918.43,0.1,3.35,1.79,2.8,0.16,669.54,24667.37,117.28,2554.91,208.16,2856.15,97.23,4884.27,76.33,2057.93,83.64,527.76,32.26,243.98,56.04,544.91,9.99,184.86,29.08,317.58,77.81,1182.4,102.89,1243.04,183.67,2163.21,39.46,985.27,120.23,1295.63,38.14,268.15,2.41,3.75,32.62,756.41,24.84,195.71,18.23,168.47,14.73,93.71,18.07,59.78,0.39,0.72,9.3,84.15,0.14,0.82,135.64,530.1,11.63,39.73,0.45,0.49,5.11,0.7,0.43,0.76,0.03,0.03,0.13,0.34,21.74,21.46,0.92,0.14,0.06,0.03,2.06,16.64,0.02,0,,,43.33,562.5,47.6,430.52,,,36.99,51.15,39.13,6921.63,156.09,1153.1,5129.7,81255.97,218.9,663.74,289.73,1043.4,0,0,3.55,14.96,21.07,15.11,0.15,0.23,806.47,501.8,1.47,1.48,74.84,129.25,167.82,211.17,9.1,10.92,7.2,8.49,0.35,1.52,20.35,151.63,0.2,0.14,0.03,0,,,0.45,0.13,,,4.96,137.16,49.45,17.2,65.15,100.37,3.6,6.11,1.26,1.6,,,103.75,1054.78,11.92,25.79,162.62,914.33,174.76,1173.65,21.76,4.82,412.99,561.39,38,191.12,2670.99,6941.99,1444.4,29871.96,95.78,1001.05,1171.9,18430.8,,,624.95,14618.94,404.62,4556.51,566.91,10409.91,323.58,5989.64,283.05,6593.14,8.75,132.82,44.43,1064.52,,,18.16,868.98,16.23,196.13,,,2.5,21.25,94.14,1614.56,61.04,732.03,2.73,46.33,6.66,14.65,3.66,59.33,258.15,3588.97,10.43,149.13,2.27,53.59,1.02,29.49,,,23.49,168.12,,,63.64,772.53,270.64,3032.93,98.9,817.65,46.73,450,111.66,1002.99,5.69,39.95,11.24,175.39,1.42,20.75,6.5,146.08,0.82,3.64,0.01,0.01,,,,,2.14,31.34,1.13,3.02,0.23,0.29,30.39,469.09,53.21,519.19,6.14,46.8,,,4.28,45.08,2.92,46.66,3.09,26.01,0.6,18.79,22.25,558.99,0.09,0.65,101.68,2576.58,0.38,14.39,5,56.54,21.86,394.45,6.98,99.6,0.67,15.48,106.42,1400.52,35.55,574.59,,,22.37,507.46,20.87,252.08,4.87,109.53,,,,,14.38,228.24,,,190.79,1965.8,2.48,57.42,11.05,134.04,,4.18,,49.94,6.12,97.92,0.8,13.14,10.64,146.15,2.25,17.93,0.32,0.22,0.42,0.54,661.13,9157.38,7436.82,126310.23
Grand Total,487853.3,1058037.86,244605.79,501779.74,54894.74,134213.86,791877.58,1703321.16,18111459,522124.29,1500353.39,526620.12,1509271.48,17485469,68523.32,70679.33,86322.06,57557.08,133.22,246.87,156450.93,129850.6,5514937,163853.61,150215.56,277.96,387.31,4099.08,9667.73,168833.65,161127.59,5789453,113926.6,231455.33,13437.92,55865.97,4861.52,15322.94,134481.89,308511.08,16717077,24114.39,34482.16,1735.62,2152.8,169.39,308.99,26581.61,37900.02,3530941,358.14,631.11,11920.17,26807.05,12359.52,27540.85,8122721,14454.01,6387.43,4758.42,4980.23,12.57,10.13,19590.6,11513.5,3436365,133277.93,112212.8,137361.85,115884.19,6415270,62844.81,43007.92,512.57,489.9,64068.71,43985.63,6296506,40334.28,17749.06,11196.56,6975.5,879.56,477.53,54019.09,25887.31,3700009,5095.92,2213.65,5236.34,2078.49,10601.24,4426.64,1396229,562.99,305.6,20238.29,14369.65,21320.52,14947.3,3092518,45005.58,16613.14,5866.66,2499.71,5401.5,2644.25,57162.62,22114.86,3228779,20838.68,5315.05,20838.91,5315.15,281919,430.4,187.99,168.35,114.61,30.23,10.7,633.05,313.21,160451,8878.37,8708.73,9558.62,9663.33,4811536,8602.54,6010.14,8656.93,6050.78,1098048,12773.01,5039.93,12782.78,5052.61,1644136,9792.09,5354.32,9792.09,5354.32,1711973,96821.55,104270.95,8284.21,13545.94,5223.09,8008.08,113563.54,131735.52,7868124,23615.3,7440.23,1587.8,454.96,2410.1,2120.11,32482.43,12724.49,3125106,101995.01,111091.15,103116.38,112154,6099134,5393.53,3019.06,5405.65,3022.91,647304,15813.08,21150.34,55.89,28.06,16303.55,21870.39,2205145,6726.21,2623.36,6851.22,2676.87,2116483,10612.25,5536.25,11421.64,5748.49,804.71,713.36,25023.75,13713.48,3706004,153604.65,157215.76,159045.46,163636.07,2922961,5006.45,1256.98,304.93,90.9,5423.48,1377.56,673174,360.13,3887.67,3073.44,2464.84,0.31,6700.94,982611,26897.57,236.98,83453.7,46453866,175573.36,61369.38,603.18,189.96,182416.42,63661.53,1478106,15286.84,32388.17,15287.17,32388.17,2070007,1547.64,2110.26,1562.35,2113.85,1425114,83.72,115.48,285.31,385.47,2284476,649.87,1003.49,1319.61,3401.43,7123.6,11842.53,4158342,1978.5,14931.74,929.41,18550.57,226.31,3202.42,7177.8,85293.1,69203893,701.48,4840.45,10751.22,246956.66,35.02,479.69,23764.88,457742.28,82725425,207.75,2532.3,13.7,115.58,910.75,8013.67,32506932,235.25,1282.07,2844.97,10385.9,8578464,161.18,78.71,6452.53,4842.25,1612141,41.52,730.77,3621.97,109732.44,27106998,2.05,2.75,339.85,348.51,6100.71,22541.6,3198609,29649.33,228758385.2,18237522,577.53,199.84,4722.74,2077.26,370876,86.47,2762.3,21.88,987.1,4717.65,155478.96,76947660,3385.5,9011,694.83,1729.18,67.64,198.97,9114.44,15633.27,6041455,368.83,1814.66,2255.05,10617.73,11096865,343.9,1604.37,962.88,10245.3,12746402,2068.92,1919.07,1115560,979.42,179.58,27615,291.27,235.43,56781.3,25289.25,1431299,45221488329,39448588803,7307,2.18E+11,16919.87,122914.18,2083.07,24699.23,632.82,8161.28,374.56,3242.73,0.76,25.17,11.33,20.53,2.62,6319.86,226636.24,744.18,15807.28,1568.62,19701.33,824.88,38361,375.38,10122.36,605.11,3629.31,222.46,1549.27,333.25,3044.27,94.49,1585.39,293.09,3485.14,637.47,8926.03,1114.97,13152.39,986.93,11338.33,390.13,9153.71,1067.32,11800.52,225.83,1583.41,16.24,24.43,128.98,2659.39,294.31,3026.68,177.8,1392.38,166.12,1005.87,184.94,689.8,2.79,10.46,18.17,132.93,0.68,5.56,1133.11,5090.49,134.65,398.3,3.3,3.61,38.02,7.68,2.88,3.22,0.31,0.09,0.82,1.96,264.97,255.23,6.05,1.38,0.42,0.77,14.67,137.14,0.4,0.02,,,835.44,8478.88,461.46,3171.24,21.57,37.85,664.91,788.17,350.62,117497.98,2039.29,14759.47,43508.27,711380.05,2467.95,5249.06,3812.07,10170.7,0.05,0.03,25.88,78.55,268.07,180.31,5.18,5.32,6243.35,3742.24,13.68,13.64,670.67,1086.62,609.87,769.72,200.43,228.57,119.65,148.1,3.33,15.77,375.79,1704.15,6.23,6.38,0.35,0.09,2.51,2.61,15.65,9.79,3.33,519.12,50.78,748.99,326.56,125.33,575.6,871.42,49.59,72.79,11.79,14.58,86.99,30.65,1169.39,10950.96,103.36,222.25,1264.38,6816.14,2588.41,15015.57,295.89,60.03,3017.83,3498.89,354.91,1872.13,24731.52,64224.37,8553.46,155529.25,889.34,8041.29,7517.83,119307.81,,,6601.71,129815.49,3948.41,42978.49,5921.72,102957.77,2797.19,52224.12,2556.34,59960.2,73.81,1013.31,186.83,3714.59,0.12,12.65,164.01,7358.25,115.79,1035.14,0.28,1.83,132.64,1739.18,498.58,8182.46,304.7,3127.21,24.08,343.32,33.33,85.64,30.96,431.72,2559.03,32925.72,45.33,609.47,22.66,494.86,7.48,196.63,25.84,387.29,52.98,422.5,42.79,641.48,480.66,4916.28,973.55,10589.13,960.11,6719.71,435.32,3505.98,615.27,6189.59,65.99,485.97,17.07,239.28,27.21,360.72,33.79,641.75,11.23,41.73,0.01,0.01,0.18,1.56,0.24,2.14,15.45,244.95,11.12,31.24,0.23,0.29,227.29,3587.84,378.53,3606.45,44.81,329.11,2.69,29.63,36.85,340.68,25.49,418.87,32.26,251.39,15.25,39.98,466.58,1161.56,0.09,0.65,1846.59,64453.36,3.23,133.31,5,56.54,61.69,964.06,77.97,1033.39,2.65,60.47,883.13,11681.75,342.99,5469.95,8.12,179.54,267.86,5349.12,42.28,511.45,40.91,875.48,4.43,16.88,0.84,2.13,191.39,2794.09,2.03,92.79,990.6,9785.96,18.83,324.7,70.54,684.44,,22.55,,201.05,29.83,388.64,2.78,44.02,81.73,1033.11,35.97,3829.72,0.32,0.22,0.42,0.54,7331.21,74999.75,59896.87,962641